OutputOrder,SourceRowId
0,4003
1,1046
2,3191
3,2067
4,4342
5,3781
6,1658
7,1649
8,2053
9,1413
10,224
11,3102
12,160
13,1969
14,1533
15,4098
16,2407
17,3952
18,3027
19,429
20,2788
21,850
22,875
23,2536
24,3337
25,4039
26,3754
27,2164
28,4428
29,3316
30,2879
31,2811
32,1867
33,668
34,4378
35,1136
36,480
37,89
38,3101
39,3666
40,202
41,146
42,46
43,1766
44,3320
45,2493
46,1764
47,1824
48,1314
49,2049
50,3641
51,4430
52,3649
53,3486
54,4214
55,2346
56,2886
57,2150
58,3481
59,2302
60,2950
61,2416
62,4175
63,2217
64,3392
65,1021
66,2583
67,949
68,1962
69,206
70,2468
71,4012
72,1249
73,3279
74,2260
75,3730
76,3803
77,2818
78,3940
79,3089
80,1641
81,1854
82,1808
83,1339
84,1337
85,2891
86,2778
87,3895
88,1928
89,56
90,2623
91,3744
92,4111
93,2273
94,3562
95,748
96,769
97,809
98,2713
99,4010
100,4372
101,1274
102,1700
103,314
104,2440
105,4029
106,4579
107,3756
108,2199
109,1003
110,4167
111,325
112,4284
113,940
114,3334
115,2815
116,4217
117,4198
118,3242
119,706
120,1782
121,1449
122,4494
123,3320
124,4175
125,3076
126,3007
127,4241
128,383
129,153
130,2102
131,611
132,3560
133,2101
134,2333
135,1270
136,277
137,2523
138,2768
139,4101
140,3476
141,1854
142,575
143,3477
144,1419
145,3317
146,2892
147,2374
148,3139
149,1874
150,884
151,3641
152,413
153,1110
154,2406
155,2467
156,1287
157,454
158,1452
159,135
160,649
161,2056
162,1661
163,2604
164,1914
165,4383
166,629
167,860
168,3889
169,1352
170,334
171,3404
172,1945
173,62
174,3311
175,3439
176,2371
177,3874
178,777
179,2203
180,3117
181,249
182,336
183,390
184,508
185,497
186,327
187,4426
188,1940
189,1779
190,463
191,1438
192,1649
193,2761
194,2916
195,578
196,4362
197,4569
198,1962
199,3471
200,1426
201,3475
202,317
203,568
204,678
205,3154
206,1594
207,773
208,3545
209,432
210,2682
211,507
212,3589
213,993
214,4
215,1404
216,2667
217,3485
218,2314
219,3898
220,2148
221,388
222,3607
223,4210
224,1271
225,2390
226,3247
227,3388
228,983
229,4007
230,4516
231,2822
232,1274
233,1206
234,4512
235,2559
236,3058
237,1914
238,56
239,3882
240,1533
241,3047
242,4157
243,4293
244,2347
245,3205
246,1861
247,2071
248,4193
249,1281
250,1993
251,4583
252,317
253,3574
254,4577
255,3192
256,2816
257,3315
258,4183
259,1123
260,2348
261,3781
262,3684
263,1196
264,860
265,2692
266,2316
267,1903
268,1689
269,1594
270,925
271,2223
272,4359
273,1115
274,4008
275,1651
276,1969
277,4479
278,1283
279,1797
280,4178
281,10
282,2967
283,3852
284,3690
285,3482
286,1314
287,3696
288,1541
289,3252
290,2054
291,3683
292,3002
293,2404
294,2848
295,3130
296,2930
297,1581
298,2006
299,4170
300,3872
301,3989
302,2802
303,1000
304,1511
305,3613
306,4505
307,1530
308,3241
309,2216
310,2480
311,812
312,4239
313,2339
314,4328
315,1876
316,598
317,4375
318,3261
319,4015
320,1606
321,1306
322,482
323,552
324,3640
325,502
326,1152
327,2276
328,1833
329,3432
330,3827
331,4152
332,2202
333,3205
334,773
335,4548
336,2466
337,1489
338,249
339,3998
340,3972
341,2798
342,4399
343,462
344,1194
345,3140
346,237
347,1941
348,4206
349,1815
350,1041
351,3518
352,3456
353,677
354,1725
355,1176
356,347
357,3129
358,622
359,453
360,4296
361,555
362,1857
363,4131
364,3315
365,2808
366,3221
367,1654
368,317
369,3890
370,154
371,3553
372,3075
373,4167
374,1080
375,339
376,4206
377,893
378,660
379,162
380,1603
381,3629
382,1834
383,1208
384,1655
385,3118
386,4557
387,1087
388,1829
389,4298
390,2211
391,1605
392,462
393,4308
394,3871
395,513
396,2721
397,4266
398,2568
399,1245
400,2092
401,2740
402,1760
403,4518
404,1218
405,608
406,356
407,2015
408,2771
409,812
410,3184
411,4138
412,1824
413,707
414,3702
415,2001
416,3012
417,2841
418,1312
419,3901
420,2018
421,1215
422,2809
423,1169
424,1950
425,257
426,1773
427,924
428,4102
429,3170
430,499
431,3372
432,3054
433,2661
434,833
435,3541
436,1605
437,1064
438,986
439,2693
440,4309
441,796
442,817
443,1055
444,3288
445,1950
446,4088
447,1082
448,413
449,2192
450,1002
451,2739
452,2786
453,458
454,4061
455,2796
456,2380
457,4549
458,1145
459,1018
460,370
461,1871
462,828
463,2544
464,3174
465,1708
466,534
467,3379
468,3774
469,1200
470,2270
471,690
472,2983
473,3875
474,3967
475,191
476,768
477,2545
478,180
479,4200
480,2994
481,512
482,3644
483,1566
484,2643
485,4025
486,1739
487,4088
488,3284
489,517
490,1685
491,1073
492,1207
493,944
494,1610
495,1465
496,4295
497,3721
498,3121
499,792
500,4330
501,2973
502,3405
503,1320
504,3401
505,303
506,3315
507,595
508,237
509,4562
510,1701
511,2873
512,335
513,3958
514,1744
515,4143
516,85
517,2482
518,3327
519,2693
520,1826
521,2854
522,2309
523,1428
524,4494
525,1099
526,1514
527,4209
528,1790
529,2608
530,3117
531,436
532,1033
533,1972
534,1858
535,4295
536,3788
537,1210
538,2383
539,640
540,3561
541,2451
542,2040
543,3116
544,878
545,4046
546,4468
547,3291
548,313
549,2991
550,4138
551,2643
552,747
553,2198
554,1644
555,1896
556,1494
557,3618
558,1644
559,2278
560,3634
561,3201
562,3967
563,4153
564,2506
565,3722
566,3150
567,1984
568,3567
569,1377
570,1834
571,1098
572,633
573,569
574,2135
575,1801
576,2601
577,4125
578,2721
579,2115
580,22
581,1685
582,80
583,3984
584,1022
585,3152
586,3179
587,3588
588,4028
589,1871
590,1770
591,2602
592,1106
593,4328
594,3997
595,3836
596,3518
597,842
598,2131
599,2628
600,1537
601,1994
602,220
603,1276
604,2134
605,416
606,3423
607,3507
608,16
609,4076
610,3273
611,1168
612,3253
613,523
614,3373
615,1282
616,830
617,1204
618,2912
619,4244
620,700
621,4245
622,2039
623,2488
624,3745
625,3452
626,721
627,2231
628,3826
629,2926
630,2488
631,3258
632,533
633,23
634,2949
635,1031
636,1134
637,2636
638,1653
639,3817
640,3685
641,2736
642,2584
643,2600
644,3480
645,3427
646,781
647,2847
648,4101
649,2213
650,1528
651,1650
652,3078
653,2827
654,3773
655,3084
656,3773
657,3035
658,299
659,4571
660,2127
661,1897
662,3384
663,2716
664,3285
665,3230
666,2168
667,3685
668,1743
669,3655
670,539
671,4185
672,3738
673,3435
674,4271
675,3496
676,3791
677,1079
678,3090
679,1205
680,4267
681,2444
682,2458
683,1794
684,4053
685,638
686,3495
687,149
688,3134
689,1167
690,4227
691,1702
692,173
693,3327
694,4096
695,781
696,1591
697,2750
698,851
699,2973
700,1708
701,3599
702,118
703,1349
704,1869
705,1662
706,1602
707,3010
708,2825
709,534
710,2992
711,790
712,4331
713,1406
714,4513
715,1761
716,552
717,4458
718,136
719,1289
720,3535
721,2781
722,2276
723,1048
724,262
725,2870
726,4028
727,4201
728,540
729,135
730,2114
731,3556
732,2884
733,2377
734,3678
735,1492
736,3375
737,1968
738,394
739,3365
740,1836
741,3825
742,3877
743,1830
744,1344
745,2195
746,682
747,896
748,4058
749,4036
750,3633
751,868
752,624
753,1699
754,3755
755,2351
756,3721
757,926
758,1929
759,300
760,1106
761,1526
762,1409
763,1738
764,3213
765,1325
766,2769
767,3796
768,2341
769,4433
770,1984
771,3978
772,4164
773,1624
774,3602
775,1235
776,4418
777,1933
778,4407
779,30
780,1134
781,46
782,1552
783,3762
784,4241
785,648
786,2385
787,2478
788,1730
789,4514
790,3273
791,2127
792,631
793,1101
794,2511
795,650
796,871
797,769
798,3172
799,963
800,179
801,3471
802,666
803,1956
804,1204
805,3062
806,3376
807,1347
808,3686
809,4524
810,89
811,2028
812,1749
813,3232
814,3868
815,3531
816,4406
817,2381
818,3413
819,1559
820,1961
821,42
822,1751
823,116
824,822
825,2623
826,1251
827,2128
828,4497
829,4437
830,2594
831,824
832,2767
833,1352
834,4262
835,434
836,3857
837,4051
838,1716
839,2086
840,2193
841,3927
842,4197
843,2862
844,3638
845,2471
846,3164
847,857
848,3239
849,2123
850,3659
851,561
852,175
853,1788
854,2643
855,1788
856,3869
857,1648
858,1877
859,4140
860,4355
861,3368
862,4430
863,225
864,3338
865,3604
866,4326
867,4223
868,1649
869,4197
870,3259
871,4385
872,1998
873,157
874,399
875,1632
876,154
877,1111
878,2164
879,1470
880,105
881,3523
882,2210
883,3370
884,970
885,1016
886,4465
887,1883
888,1669
889,3258
890,1142
891,921
892,582
893,4328
894,1226
895,4481
896,258
897,2391
898,521
899,1455
900,1863
901,2372
902,4163
903,1394
904,1589
905,3631
906,3958
907,1547
908,2914
909,3945
910,3400
911,2295
912,1992
913,4488
914,1068
915,4375
916,1942
917,707
918,4244
919,208
920,1470
921,3027
922,2001
923,2701
924,3047
925,1394
926,2727
927,784
928,1036
929,2740
930,2601
931,170
932,3863
933,3192
934,1704
935,1029
936,2844
937,3501
938,2898
939,1358
940,3590
941,3446
942,521
943,4423
944,3963
945,1385
946,4249
947,3745
948,2535
949,414
950,579
951,1619
952,746
953,1756
954,1858
955,3835
956,2302
957,4043
958,1480
959,4178
960,96
961,1462
962,624
963,1430
964,3710
965,2087
966,1472
967,681
968,3005
969,141
970,966
971,3812
972,1666
973,842
974,3398
975,503
976,2850
977,310
978,1581
979,354
980,2509
981,1599
982,63
983,1489
984,822
985,3541
986,2550
987,507
988,3747
989,3488
990,4540
991,3974
992,2415
993,1698
994,1831
995,4150
996,1696
997,3351
998,3961
999,3437
1000,1490
1001,1030
1002,422
1003,2294
1004,2410
1005,2005
1006,3597
1007,1293
1008,3002
1009,4349
1010,379
1011,1018
1012,3520
1013,2273
1014,1845
1015,2380
1016,3696
1017,3321
1018,3691
1019,3880
1020,1556
1021,3500
1022,44
1023,1247
1024,4282
1025,1150
1026,165
1027,4453
1028,1251
1029,3977
1030,1974
1031,645
1032,1398
1033,4195
1034,1618
1035,2002
1036,1107
1037,3642
1038,168
1039,2583
1040,2273
1041,387
1042,3862
1043,3805
1044,3667
1045,2817
1046,2131
1047,323
1048,1358
1049,1060
1050,787
1051,4058
1052,3502
1053,2009
1054,4370
1055,3250
1056,518
1057,1031
1058,755
1059,1141
1060,4200
1061,591
1062,4140
1063,3574
1064,3065
1065,1878
1066,2799
1067,3457
1068,3815
1069,1158
1070,666
1071,3346
1072,1967
1073,3015
1074,367
1075,436
1076,2359
1077,1259
1078,681
1079,4457
1080,2938
1081,4168
1082,1695
1083,328
1084,2717
1085,2744
1086,212
1087,1990
1088,2303
1089,3924
1090,3868
1091,2867
1092,2242
1093,423
1094,3523
1095,2727
1096,4332
1097,588
1098,1204
1099,3499
1100,903
1101,3068
1102,587
1103,2411
1104,348
1105,3139
1106,1656
1107,678
1108,1780
1109,2957
1110,2703
1111,1308
1112,4518
1113,4087
1114,3472
1115,4552
1116,398
1117,3428
1118,3945
1119,3641
1120,3335
1121,3231
1122,2333
1123,4307
1124,3407
1125,1249
1126,1940
1127,4353
1128,2625
1129,2832
1130,673
1131,4217
1132,4146
1133,1680
1134,1242
1135,695
1136,1178
1137,1069
1138,3761
1139,2047
1140,2082
1141,2302
1142,3774
1143,3103
1144,4390
1145,3765
1146,2426
1147,445
1148,2891
1149,2457
1150,1713
1151,892
1152,1640
1153,2053
1154,3571
1155,2607
1156,2680
1157,2433
1158,2655
1159,4492
1160,1958
1161,172
1162,999
1163,2260
1164,943
1165,2889
1166,4364
1167,3038
1168,4220
1169,2966
1170,161
1171,4338
1172,3145
1173,3963
1174,664
1175,4065
1176,3815
1177,3601
1178,1086
1179,1270
1180,1162
1181,1803
1182,969
1183,1608
1184,2484
1185,3615
1186,2931
1187,1958
1188,645
1189,1527
1190,3833
1191,3942
1192,2709
1193,1554
1194,2696
1195,2352
1196,2511
1197,3665
1198,198
1199,309
1200,4561
1201,1949
1202,551
1203,1338
1204,936
1205,4248
1206,146
1207,1738
1208,1748
1209,293
1210,423
1211,2465
1212,4604
1213,1476
1214,2048
1215,3915
1216,4004
1217,3787
1218,4089
1219,2883
1220,2929
1221,1954
1222,154
1223,103
1224,557
1225,1444
1226,4121
1227,1097
1228,1346
1229,1694
1230,3946
1231,1594
1232,2125
1233,514
1234,2765
1235,801
1236,4202
1237,2019
1238,2132
1239,384
1240,1518
1241,613
1242,1189
1243,3345
1244,58
1245,30
1246,718
1247,2297
1248,2897
1249,3061
1250,3587
1251,4264
1252,937
1253,3058
1254,2232
1255,4142
1256,1512
1257,3904
1258,443
1259,3047
1260,4584
1261,2472
1262,1256
1263,1056
1264,230
1265,637
1266,2241
1267,4482
1268,838
1269,53
1270,929
1271,1891
1272,888
1273,1207
1274,1357
1275,3614
1276,1558
1277,747
1278,4417
1279,888
1280,670
1281,1744
1282,2870
1283,2357
1284,1009
1285,862
1286,3900
1287,3093
1288,6
1289,399
1290,550
1291,1734
1292,1016
1293,4335
1294,2580
1295,1441
1296,1175
1297,2018
1298,1773
1299,2939
1300,874
1301,265
1302,2900
1303,1537
1304,2593
1305,725
1306,4446
1307,576
1308,2264
1309,17
1310,1600
1311,1676
1312,144
1313,2168
1314,2757
1315,1967
1316,3922
1317,1528
1318,3516
1319,4585
1320,4258
1321,4297
1322,4595
1323,3420
1324,3323
1325,3287
1326,798
1327,4083
1328,3155
1329,2315
1330,3084
1331,2686
1332,2996
1333,1963
1334,1382
1335,4068
1336,1771
1337,4032
1338,638
1339,507
1340,733
1341,2460
1342,3979
1343,4500
1344,3039
1345,3935
1346,3554
1347,1153
1348,3045
1349,56
1350,2657
1351,372
1352,3362
1353,590
1354,1227
1355,2364
1356,1857
1357,2197
1358,2433
1359,3392
1360,4388
1361,3630
1362,3927
1363,3053
1364,842
1365,2171
1366,3897
1367,3255
1368,650
1369,2582
1370,3184
1371,1222
1372,969
1373,1193
1374,1895
1375,4322
1376,2666
1377,773
1378,3487
1379,4070
1380,2573
1381,3260
1382,3919
1383,1611
1384,1142
1385,97
1386,4576
1387,3657
1388,3545
1389,654
1390,3074
1391,105
1392,1873
1393,2690
1394,2517
1395,2456
1396,3051
1397,1231
1398,3831
1399,4583
1400,3996
1401,2652
1402,1273
1403,1586
1404,4373
1405,1148
1406,3225
1407,3776
1408,4127
1409,460
1410,456
1411,2837
1412,1962
1413,3972
1414,160
1415,1816
1416,2064
1417,279
1418,44
1419,4521
1420,2714
1421,1995
1422,145
1423,1271
1424,4089
1425,4299
1426,4038
1427,449
1428,1950
1429,466
1430,2411
1431,1864
1432,2080
1433,4040
1434,3413
1435,1729
1436,3168
1437,50
1438,2168
1439,2520
1440,1130
1441,2973
1442,4582
1443,2418
1444,192
1445,3950
1446,3811
1447,3662
1448,1382
1449,2810
1450,729
1451,2947
1452,710
1453,3222
1454,2605
1455,3701
1456,1988
1457,4388
1458,3281
1459,3852
1460,1165
1461,2074
1462,4173
1463,3154
1464,1785
1465,794
1466,4603
1467,87
1468,3293
1469,989
1470,1414
1471,579
1472,942
1473,4331
1474,2058
1475,4255
1476,2770
1477,403
1478,2504
1479,2213
1480,2886
1481,4098
1482,4032
1483,209
1484,1701
1485,2069
1486,615
1487,1557
1488,1485
1489,3634
1490,3904
1491,3060
1492,3222
1493,2575
1494,1375
1495,4484
1496,4429
1497,3799
1498,3410
1499,1117
1500,3100
1501,3020
1502,4112
1503,720
1504,2331
1505,4556
1506,1777
1507,429
1508,883
1509,2079
1510,680
1511,2748
1512,2830
1513,2469
1514,284
1515,2438
1516,3663
1517,4007
1518,467
1519,3280
1520,1644
1521,3321
1522,1222
1523,3303
1524,1094
1525,245
1526,984
1527,4198
1528,798
1529,252
1530,3123
1531,1417
1532,693
1533,610
1534,442
1535,2927
1536,4084
1537,1299
1538,214
1539,3470
1540,3762
1541,817
1542,973
1543,3861
1544,1278
1545,578
1546,935
1547,4053
1548,192
1549,2447
1550,3612
1551,4129
1552,566
1553,3229
1554,2367
1555,1913
1556,4227
1557,2304
1558,2687
1559,2778
1560,3897
1561,1989
1562,1304
1563,60
1564,370
1565,286
1566,18
1567,897
1568,3220
1569,1204
1570,1907
1571,786
1572,1533
1573,3490
1574,1909
1575,1282
1576,4294
1577,759
1578,2582
1579,1370
1580,1355
1581,1639
1582,1424
1583,1648
1584,1029
1585,1973
1586,1757
1587,4567
1588,2230
1589,571
1590,3386
1591,3754
1592,536
1593,541
1594,268
1595,836
1596,3073
1597,3863
1598,4409
1599,1543
1600,4173
1601,3289
1602,437
1603,4007
1604,1614
1605,1247
1606,734
1607,1960
1608,4022
1609,2219
1610,2955
1611,3630
1612,428
1613,1264
1614,3171
1615,281
1616,106
1617,1395
1618,939
1619,4158
1620,2187
1621,43
1622,4186
1623,2547
1624,1349
1625,4132
1626,1073
1627,283
1628,1970
1629,765
1630,1702
1631,3485
1632,3509
1633,2127
1634,4204
1635,933
1636,697
1637,3665
1638,4024
1639,1925
1640,1706
1641,1609
1642,1727
1643,2922
1644,4401
1645,1243
1646,2785
1647,4103
1648,612
1649,2643
1650,2444
1651,1055
1652,425
1653,3531
1654,2743
1655,3958
1656,3640
1657,1847
1658,543
1659,1233
1660,3582
1661,1251
1662,1821
1663,4375
1664,3196
1665,551
1666,281
1667,2812
1668,1940
1669,952
1670,2897
1671,2170
1672,639
1673,3524
1674,3203
1675,1319
1676,1227
1677,2857
1678,2083
1679,4025
1680,1043
1681,4600
1682,1378
1683,4370
1684,515
1685,556
1686,4307
1687,3129
1688,614
1689,1559
1690,1190
1691,4320
1692,3887
1693,124
1694,2741
1695,2526
1696,268
1697,2560
1698,3892
1699,1456
1700,232
1701,4211
1702,282
1703,3050
1704,4122
1705,1647
1706,2146
1707,3534
1708,241
1709,2176
1710,2677
1711,3777
1712,373
1713,962
1714,814
1715,3009
1716,1831
1717,2782
1718,164
1719,863
1720,4009
1721,3968
1722,4368
1723,1706
1724,1015
1725,3722
1726,59
1727,3037
1728,4328
1729,1306
1730,2678
1731,3973
1732,4157
1733,936
1734,2255
1735,1487
1736,4195
1737,654
1738,3141
1739,1988
1740,709
1741,2406
1742,1890
1743,1127
1744,2133
1745,1860
1746,4151
1747,650
1748,2485
1749,3578
1750,1296
1751,1629
1752,2258
1753,2177
1754,2237
1755,2399
1756,1545
1757,139
1758,2874
1759,518
1760,370
1761,1206
1762,3315
1763,1888
1764,3703
1765,1984
1766,3679
1767,1732
1768,487
1769,2860
1770,1468
1771,4022
1772,4136
1773,3473
1774,190
1775,198
1776,3637
1777,4412
1778,3585
1779,404
1780,3578
1781,244
1782,1690
1783,2331
1784,3464
1785,47
1786,801
1787,937
1788,1536
1789,219
1790,1960
1791,1447
1792,4013
1793,1938
1794,224
1795,4599
1796,2611
1797,596
1798,4316
1799,2113
1800,290
1801,961
1802,157
1803,3405
1804,2995
1805,4078
1806,166
1807,2481
1808,1000
1809,312
1810,67
1811,2765
1812,1761
1813,4277
1814,2205
1815,3145
1816,1235
1817,3620
1818,3105
1819,654
1820,1518
1821,4461
1822,455
1823,3649
1824,3010
1825,2166
1826,3935
1827,1257
1828,1358
1829,812
1830,3693
1831,744
1832,1971
1833,1307
1834,4190
1835,1726
1836,1004
1837,2331
1838,3483
1839,2638
1840,3915
1841,2780
1842,1282
1843,1962
1844,4341
1845,2504
1846,1448
1847,738
1848,1946
1849,788
1850,3890
1851,887
1852,462
1853,2643
1854,3364
1855,453
1856,3977
1857,3511
1858,512
1859,3486
1860,911
1861,3613
1862,4043
1863,1158
1864,2403
1865,1021
1866,776
1867,1194
1868,878
1869,3554
1870,2239
1871,3244
1872,1764
1873,4115
1874,1918
1875,1410
1876,543
1877,1166
1878,3693
1879,1122
1880,3654
1881,2117
1882,3901
1883,4341
1884,4042
1885,444
1886,4048
1887,1559
1888,2423
1889,906
1890,4158
1891,4518
1892,1943
1893,2408
1894,2154
1895,2968
1896,1546
1897,2172
1898,3134
1899,1253
1900,2309
1901,825
1902,2653
1903,67
1904,1338
1905,4140
1906,2803
1907,2931
1908,144
1909,97
1910,2670
1911,4355
1912,1391
1913,4041
1914,1586
1915,2787
1916,527
1917,2859
1918,2147
1919,51
1920,936
1921,1942
1922,3500
1923,2641
1924,4522
1925,3795
1926,2454
1927,1379
1928,3469
1929,3189
1930,802
1931,4153
1932,874
1933,1740
1934,2600
1935,627
1936,2171
1937,4265
1938,4174
1939,666
1940,2972
1941,3726
1942,83
1943,789
1944,1888
1945,3821
1946,945
1947,4143
1948,4107
1949,3044
1950,2512
1951,1945
1952,3331
1953,3925
1954,2489
1955,2234
1956,930
1957,3646
1958,930
1959,2193
1960,2668
1961,2427
1962,383
1963,4030
1964,4575
1965,530
1966,3093
1967,1461
1968,2112
1969,520
1970,3239
1971,1875
1972,4159
1973,2937
1974,155
1975,3945
1976,2277
1977,1143
1978,4176
1979,202
1980,1438
1981,303
1982,4571
1983,3270
1984,1939
1985,3765
1986,1087
1987,1568
1988,861
1989,2607
1990,2148
1991,2966
1992,1497
1993,2968
1994,3799
1995,3324
1996,1224
1997,166
1998,1760
1999,3176
2000,2731
2001,2816
2002,507
2003,1936
2004,2833
2005,3287
2006,975
2007,2862
2008,202
2009,2396
2010,1510
2011,3098
2012,4000
2013,3037
2014,4206
2015,1824
2016,4322
2017,1625
2018,1667
2019,4317
2020,2531
2021,3925
2022,4586
2023,4477
2024,1868
2025,3434
2026,1862
2027,4296
2028,4560
2029,4457
2030,1783
2031,3588
2032,902
2033,4529
2034,2396
2035,3726
2036,1359
2037,4228
2038,1020
2039,1338
2040,356
2041,2071
2042,3403
2043,162
2044,1184
2045,4177
2046,3460
2047,3876
2048,1409
2049,1298
2050,3582
2051,4403
2052,2643
2053,2649
2054,4558
2055,30
2056,3252
2057,180
2058,424
2059,1039
2060,1610
2061,3650
2062,3587
2063,1112
2064,1073
2065,2959
2066,1324
2067,4143
2068,1999
2069,3159
2070,4500
2071,923
2072,224
2073,3231
2074,2272
2075,1734
2076,3488
2077,2550
2078,2625
2079,3029
2080,2965
2081,28
2082,4582
2083,3736
2084,2723
2085,3518
2086,2386
2087,2158
2088,3493
2089,161
2090,4476
2091,2625
2092,2332
2093,1110
2094,289
2095,4324
2096,449
2097,2433
2098,36
2099,1972
2100,4275
2101,3159
2102,263
2103,3945
2104,2316
2105,4378
2106,4423
2107,1011
2108,4056
2109,2331
2110,690
2111,121
2112,1445
2113,283
2114,2378
2115,305
2116,2621
2117,3019
2118,2577
2119,4413
2120,3429
2121,3498
2122,1171
2123,732
2124,1301
2125,1121
2126,3590
2127,1977
2128,491
2129,2069
2130,1693
2131,708
2132,4242
2133,4352
2134,33
2135,1974
2136,63
2137,207
2138,4499
2139,2293
2140,2069
2141,2834
2142,1611
2143,3403
2144,547
2145,759
2146,2299
2147,4511
2148,2086
2149,761
2150,854
2151,484
2152,3123
2153,3226
2154,3687
2155,205
2156,2150
2157,887
2158,3609
2159,1387
2160,584
2161,807
2162,3488
2163,3336
2164,1500
2165,4014
2166,221
2167,4438
2168,2298
2169,2219
2170,142
2171,1386
2172,2057
2173,1738
2174,1617
2175,3616
2176,3219
2177,3503
2178,109
2179,28
2180,379
2181,359
2182,3556
2183,3646
2184,4300
2185,1015
2186,1650
2187,2655
2188,3245
2189,1637
2190,2950
2191,2968
2192,3133
2193,1513
2194,4274
2195,284
2196,643
2197,2938
2198,2523
2199,1199
2200,2326
2201,1587
2202,932
2203,4242
2204,4561
2205,2607
2206,1714
2207,1763
2208,2992
2209,2466
2210,452
2211,1967
2212,2797
2213,3283
2214,2797
2215,1719
2216,2218
2217,3594
2218,1902
2219,3168
2220,1264
2221,2229
2222,2203
2223,4240
2224,2448
2225,135
2226,149
2227,3542
2228,387
2229,967
2230,4002
2231,3284
2232,2949
2233,148
2234,1874
2235,2124
2236,3243
2237,2717
2238,13
2239,1574
2240,4320
2241,2044
2242,3030
2243,3536
2244,20
2245,1821
2246,4446
2247,707
2248,960
2249,2803
2250,3118
2251,3778
2252,488
2253,3211
2254,559
2255,2332
2256,3503
2257,4418
2258,2555
2259,2212
2260,161
2261,4088
2262,3315
2263,3014
2264,3343
2265,3582
2266,1355
2267,1818
2268,2981
2269,967
2270,1469
2271,337
2272,3651
2273,2248
2274,1368
2275,99
2276,3078
2277,3111
2278,731
2279,2084
2280,2972
2281,2721
2282,1465
2283,1723
2284,4571
2285,3312
2286,4307
2287,1831
2288,2044
2289,2388
2290,3875
2291,2655
2292,2734
2293,2141
2294,1040
2295,657
2296,3655
2297,541
2298,1550
2299,2063
2300,2681
2301,462
2302,2833
2303,1701
2304,4056
2305,2806
2306,3164
2307,1605
2308,3991
2309,3731
2310,593
2311,1071
2312,2115
2313,1407
2314,1264
2315,168
2316,272
2317,269
2318,128
2319,761
2320,196
2321,4475
2322,700
2323,661
2324,4217
2325,1806
2326,2073
2327,3846
2328,4250
2329,1547
2330,1126
2331,1619
2332,540
2333,241
2334,2221
2335,3884
2336,3207
2337,3560
2338,2336
2339,54
2340,1428
2341,4506
2342,3452
2343,3220
2344,672
2345,848
2346,2220
2347,2113
2348,938
2349,1562
2350,4233
2351,3743
2352,3445
2353,868
2354,2384
2355,1792
2356,1636
2357,3283
2358,472
2359,1172
2360,3674
2361,3517
2362,4105
2363,2624
2364,4269
2365,3185
2366,3018
2367,3019
2368,4236
2369,1512
2370,1779
2371,474
2372,1787
2373,2265
2374,2524
2375,658
2376,2265
2377,3099
2378,3700
2379,3656
2380,3557
2381,1769
2382,2591
2383,4375
2384,1549
2385,3789
2386,4059
2387,3827
2388,2229
2389,2214
2390,4078
2391,3007
2392,322
2393,1674
2394,979
2395,3904
2396,3934
2397,857
2398,3802
2399,1614
2400,3702
2401,2057
2402,4490
2403,75
2404,954
2405,2379
2406,4058
2407,4275
2408,4428
2409,3170
2410,556
2411,432
2412,2200
2413,1022
2414,714
2415,233
2416,2661
2417,257
2418,985
2419,2995
2420,4039
2421,4008
2422,3717
2423,1606
2424,3685
2425,1896
2426,1271
2427,3053
2428,796
2429,509
2430,1829
2431,4228
2432,177
2433,3046
2434,3828
2435,926
2436,562
2437,2029
2438,2622
2439,4582
2440,475
2441,2182
2442,2476
2443,335
2444,2146
2445,2668
2446,665
2447,2467
2448,2522
2449,345
2450,1538
2451,2002
2452,2871
2453,2706
2454,2279
2455,1218
2456,915
2457,1936
2458,2590
2459,4424
2460,3673
2461,2095
2462,280
2463,3744
2464,445
2465,1297
2466,2041
2467,4197
2468,4037
2469,488
2470,1919
2471,4578
2472,2574
2473,2397
2474,3288
2475,525
2476,2827
2477,2513
2478,4147
2479,622
2480,3335
2481,1615
2482,294
2483,2602
2484,1586
2485,2044
2486,1628
2487,1752
2488,599
2489,2797
2490,3327
2491,4275
2492,1274
2493,2543
2494,4070
2495,4028
2496,1642
2497,3938
2498,4043
2499,75
2500,3549
2501,4485
2502,328
2503,54
2504,734
2505,730
2506,2817
2507,3266
2508,937
2509,290
2510,1595
2511,1123
2512,1389
2513,3553
2514,3205
2515,3867
2516,2080
2517,639
2518,3649
2519,1214
2520,2267
2521,1208
2522,950
2523,2718
2524,336
2525,530
2526,1865
2527,428
2528,2856
2529,2430
2530,1822
2531,1635
2532,569
2533,1678
2534,1852
2535,478
2536,2640
2537,4373
2538,3916
2539,723
2540,4048
2541,1409
2542,2751
2543,2708
2544,1327
2545,4524
2546,331
2547,2493
2548,3550
2549,928
2550,408
2551,3696
2552,200
2553,3856
2554,2033
2555,3358
2556,820
2557,521
2558,1710
2559,4129
2560,4185
2561,1876
2562,1239
2563,1102
2564,2419
2565,2014
2566,2612
2567,966
2568,2424
2569,1916
2570,3157
2571,3907
2572,557
2573,4037
2574,2556
2575,20
2576,1399
2577,2354
2578,1840
2579,2682
2580,1166
2581,281
2582,1743
2583,1821
2584,1270
2585,4191
2586,1737
2587,2531
2588,3913
2589,2799
2590,3407
2591,2439
2592,1144
2593,1082
2594,1407
2595,2296
2596,3734
2597,591
2598,271
2599,1894
2600,3900
2601,978
2602,3008
2603,3459
2604,1021
2605,1780
2606,1199
2607,2624
2608,1663
2609,1026
2610,937
2611,3711
2612,1351
2613,2900
2614,566
2615,1694
2616,2709
2617,460
2618,1251
2619,1385
2620,3796
2621,361
2622,2193
2623,2968
2624,2760
2625,4448
2626,4582
2627,280
2628,3277
2629,582
2630,3369
2631,4321
2632,283
2633,2731
2634,1992
2635,1442
2636,4234
2637,3723
2638,1744
2639,4069
2640,4144
2641,187
2642,416
2643,3897
2644,2146
2645,362
2646,4108
2647,1091
2648,400
2649,2884
2650,290
2651,1254
2652,3507
2653,801
2654,3354
2655,1739
2656,2768
2657,2291
2658,3816
2659,4399
2660,2609
2661,2555
2662,458
2663,540
2664,431
2665,360
2666,2696
2667,2447
2668,3924
2669,2722
2670,1425
2671,4114
2672,3133
2673,1477
2674,3212
2675,842
2676,2109
2677,793
2678,4476
2679,377
2680,339
2681,4558
2682,146
2683,2351
2684,3075
2685,2721
2686,3086
2687,2881
2688,3187
2689,1664
2690,3901
2691,4417
2692,3645
2693,806
2694,508
2695,190
2696,230
2697,4432
2698,444
2699,822
2700,4298
2701,2924
2702,3633
2703,2122
2704,4567
2705,2982
2706,2645
2707,2642
2708,4604
2709,510
2710,4395
2711,13
2712,3004
2713,1850
2714,1476
2715,2066
2716,656
2717,433
2718,2616
2719,2036
2720,1295
2721,4170
2722,3227
2723,4389
2724,2738
2725,610
2726,3222
2727,3606
2728,901
2729,4281
2730,2976
2731,1759
2732,1185
2733,1066
2734,1321
2735,1102
2736,534
2737,4503
2738,1398
2739,3497
2740,1145
2741,3644
2742,541
2743,526
2744,1450
2745,1167
2746,2782
2747,2087
2748,2041
2749,4603
2750,3642
2751,1166
2752,4211
2753,4367
2754,3584
2755,2188
2756,3013
2757,4366
2758,2111
2759,1862
2760,835
2761,1846
2762,1711
2763,791
2764,1594
2765,1497
2766,4437
2767,2355
2768,1492
2769,1582
2770,2734
2771,2473
2772,3876
2773,2230
2774,1947
2775,552
2776,472
2777,1421
2778,660
2779,786
2780,378
2781,2287
2782,395
2783,139
2784,518
2785,655
2786,3899
2787,155
2788,1044
2789,601
2790,4414
2791,3283
2792,2856
2793,1842
2794,527
2795,1367
2796,3044
2797,2775
2798,1640
2799,3330
2800,264
2801,3744
2802,1338
2803,3342
2804,1773
2805,4120
2806,1866
2807,3415
2808,2410
2809,2767
2810,3416
2811,3885
2812,2469
2813,1167
2814,2606
2815,3128
2816,2788
2817,3531
2818,3268
2819,1118
2820,1502
2821,354
2822,1703
2823,3590
2824,2780
2825,4459
2826,2031
2827,1635
2828,2407
2829,2692
2830,4316
2831,2383
2832,3250
2833,3549
2834,2924
2835,2251
2836,3088
2837,947
2838,1045
2839,1492
2840,4572
2841,2358
2842,1065
2843,3388
2844,1319
2845,3547
2846,3246
2847,300
2848,2635
2849,2563
2850,2326
2851,1577
2852,1965
2853,3457
2854,65
2855,1089
2856,3762
2857,1901
2858,840
2859,4440
2860,1928
2861,1595
2862,2826
2863,4500
2864,729
2865,3130
2866,4301
2867,1856
2868,1361
2869,337
2870,2361
2871,3053
2872,4292
2873,1488
2874,4069
2875,3271
2876,3811
2877,1877
2878,465
2879,3923
2880,3791
2881,789
2882,4046
2883,3359
2884,2414
2885,4156
2886,2046
2887,790
2888,1636
2889,3740
2890,3122
2891,2483
2892,2344
2893,4127
2894,3051
2895,2898
2896,1772
2897,3905
2898,2587
2899,3613
2900,1170
2901,558
2902,3584
2903,2586
2904,1974
2905,1118
2906,2439
2907,4161
2908,3841
2909,2203
2910,2502
2911,1247
2912,938
2913,1154
2914,3099
2915,1203
2916,939
2917,3410
2918,4131
2919,632
2920,2868
2921,1740
2922,3657
2923,890
2924,2391
2925,3676
2926,1284
2927,226
2928,736
2929,101
2930,3291
2931,3942
2932,1069
2933,3515
2934,418
2935,1111
2936,430
2937,3160
2938,1352
2939,3112
2940,1032
2941,3168
2942,2451
2943,3598
2944,2652
2945,4240
2946,2711
2947,2599
2948,1879
2949,289
2950,3017
2951,2854
2952,4493
2953,3029
2954,3465
2955,4347
2956,1411
2957,4022
2958,751
2959,4014
2960,3109
2961,2538
2962,2105
2963,1282
2964,1855
2965,2057
2966,933
2967,1061
2968,3673
2969,3628
2970,2256
2971,1555
2972,3830
2973,3708
2974,1244
2975,3664
2976,529
2977,1658
2978,1768
2979,780
2980,4017
2981,1736
2982,2950
2983,1888
2984,3527
2985,1824
2986,935
2987,572
2988,2198
2989,4092
2990,3278
2991,3789
2992,3903
2993,3017
2994,1728
2995,20
2996,1260
2997,724
2998,4164
2999,532
3000,2384
3001,1869
3002,277
3003,2170
3004,4425
3005,2905
3006,3664
3007,1274
3008,412
3009,400
3010,790
3011,744
3012,3922
3013,986
3014,1469
3015,4334
3016,3294
3017,2042
3018,3133
3019,2138
3020,3804
3021,3485
3022,1324
3023,1660
3024,878
3025,2581
3026,3938
3027,4437
3028,1489
3029,747
3030,4314
3031,3797
3032,2776
3033,3948
3034,3653
3035,3398
3036,3492
3037,2303
3038,1921
3039,4130
3040,3748
3041,877
3042,1884
3043,595
3044,4573
3045,2686
3046,2280
3047,2579
3048,3445
3049,1085
3050,4439
3051,4342
3052,2737
3053,1589
3054,1484
3055,1784
3056,2174
3057,3290
3058,392
3059,1889
3060,1940
3061,3927
3062,168
3063,574
3064,4397
3065,2995
3066,2197
3067,1936
3068,1690
3069,1875
3070,459
3071,4455
3072,3304
3073,636
3074,3395
3075,987
3076,2315
3077,2825
3078,3136
3079,4285
3080,735
3081,1033
3082,193
3083,1171
3084,3797
3085,965
3086,3463
3087,1552
3088,2068
3089,2860
3090,2170
3091,4552
3092,3526
3093,2
3094,806
3095,2438
3096,2175
3097,3246
3098,3144
3099,1746
3100,475
3101,3589
3102,180
3103,1441
3104,3342
3105,600
3106,3116
3107,3791
3108,1762
3109,4111
3110,3239
3111,157
3112,526
3113,3774
3114,4167
3115,2286
3116,3876
3117,2632
3118,2260
3119,831
3120,3289
3121,3196
3122,3480
3123,542
3124,1536
3125,3467
3126,2114
3127,1045
3128,3340
3129,949
3130,491
3131,738
3132,3982
3133,1380
3134,4068
3135,3216
3136,2229
3137,3289
3138,3044
3139,1185
3140,3407
3141,4100
3142,118
3143,1162
3144,3120
3145,2982
3146,2517
3147,3963
3148,735
3149,1792
3150,1443
3151,3460
3152,849
3153,703
3154,3439
3155,4496
3156,977
3157,749
3158,2307
3159,1656
3160,1069
3161,1121
3162,2638
3163,3139
3164,3468
3165,610
3166,4287
3167,1560
3168,1432
3169,3677
3170,2575
3171,3106
3172,1831
3173,2158
3174,552
3175,50
3176,3831
3177,4510
3178,5
3179,4017
3180,4134
3181,3564
3182,4092
3183,3391
3184,3035
3185,3926
3186,3476
3187,89
3188,3943
3189,3446
3190,3800
3191,4316
3192,3304
3193,3552
3194,1178
3195,1411
3196,1874
3197,645
3198,1297
3199,606
3200,4203
3201,628
3202,3268
3203,3536
3204,3996
3205,378
3206,238
3207,3188
3208,1430
3209,1990
3210,2642
3211,694
3212,4310
3213,1964
3214,2731
3215,2125
3216,2866
3217,4190
3218,1736
3219,527
3220,1772
3221,3567
3222,2267
3223,871
3224,1436
3225,1311
3226,3360
3227,1199
3228,925
3229,4241
3230,2746
3231,2429
3232,4438
3233,2798
3234,2020
3235,2179
3236,1723
3237,3560
3238,3642
3239,1905
3240,1504
3241,4601
3242,380
3243,4523
3244,2457
3245,883
3246,4107
3247,1868
3248,702
3249,1675
3250,4324
3251,1121
3252,4409
3253,1281
3254,1512
3255,4493
3256,1637
3257,1253
3258,4470
3259,4316
3260,204
3261,3617
3262,1149
3263,2443
3264,3185
3265,1176
3266,2314
3267,1903
3268,1954
3269,1049
3270,925
3271,2297
3272,1884
3273,4164
3274,3114
3275,3961
3276,259
3277,4528
3278,4559
3279,1358
3280,464
3281,2660
3282,760
3283,3429
3284,1531
3285,365
3286,3964
3287,528
3288,1284
3289,715
3290,2956
3291,1230
3292,1451
3293,1839
3294,2312
3295,1023
3296,646
3297,984
3298,3406
3299,2637
3300,868
3301,305
3302,4044
3303,3945
3304,848
3305,1803
3306,3407
3307,4325
3308,778
3309,190
3310,2620
3311,627
3312,2837
3313,2856
3314,3411
3315,971
3316,4134
3317,748
3318,1124
3319,1134
3320,4508
3321,1926
3322,51
3323,1137
3324,557
3325,3591
3326,1574
3327,1499
3328,110
3329,3619
3330,2667
3331,1306
3332,1288
3333,2765
3334,3958
3335,4393
3336,4368
3337,4358
3338,1173
3339,2116
3340,3792
3341,584
3342,1948
3343,1123
3344,3924
3345,2419
3346,3320
3347,2231
3348,27
3349,320
3350,260
3351,1943
3352,3309
3353,461
3354,1671
3355,534
3356,3736
3357,4527
3358,2729
3359,2717
3360,2046
3361,1306
3362,1658
3363,449
3364,4591
3365,1935
3366,3009
3367,845
3368,648
3369,3555
3370,1258
3371,3695
3372,1098
3373,4085
3374,4290
3375,1139
3376,3421
3377,1961
3378,1566
3379,537
3380,2301
3381,4483
3382,1360
3383,2537
3384,1611
3385,2075
3386,3883
3387,3472
3388,3005
3389,980
3390,3282
3391,3105
3392,828
3393,128
3394,3255
3395,3044
3396,310
3397,293
3398,3748
3399,766
3400,2447
3401,4348
3402,2386
3403,2806
3404,829
3405,1535
3406,2685
3407,2820
3408,1467
3409,350
3410,3917
3411,3269
3412,1979
3413,2162
3414,1146
3415,2261
3416,3174
3417,4580
3418,56
3419,194
3420,991
3421,2699
3422,3008
3423,2045
3424,2916
3425,806
3426,3282
3427,4117
3428,800
3429,689
3430,2112
3431,1287
3432,1797
3433,3691
3434,1912
3435,4602
3436,1992
3437,3677
3438,2325
3439,4087
3440,528
3441,4106
3442,2747
3443,3415
3444,510
3445,1296
3446,352
3447,2504
3448,743
3449,2407
3450,1990
3451,4289
3452,1329
3453,1727
3454,38
3455,3095
3456,2618
3457,1291
3458,1567
3459,4206
3460,1543
3461,2102
3462,602
3463,298
3464,1918
3465,1515
3466,1636
3467,2139
3468,315
3469,1965
3470,2791
3471,241
3472,372
3473,1815
3474,51
3475,4596
3476,4169
3477,881
3478,2009
3479,161
3480,2727
3481,3275
3482,3633
3483,1909
3484,2221
3485,98
3486,2051
3487,3597
3488,968
3489,1785
3490,4179
3491,1799
3492,3625
3493,1999
3494,330
3495,724
3496,648
3497,3528
3498,4024
3499,3448
3500,3392
3501,1873
3502,3743
3503,67
3504,4274
3505,3299
3506,1882
3507,2600
3508,3615
3509,1964
3510,1432
3511,2402
3512,3865
3513,981
3514,3347
3515,1935
3516,1133
3517,1670
3518,1711
3519,3180
3520,3817
3521,4252
3522,2777
3523,2242
3524,3380
3525,2908
3526,2999
3527,1969
3528,4342
3529,3072
3530,1271
3531,1411
3532,1847
3533,2495
3534,4164
3535,3000
3536,1409
3537,361
3538,692
3539,3357
3540,2389
3541,352
3542,1424
3543,1380
3544,1706
3545,1613
3546,409
3547,2904
3548,3036
3549,2324
3550,2004
3551,1764
3552,4153
3553,1676
3554,4514
3555,3566
3556,561
3557,2118
3558,3941
3559,140
3560,2813
3561,3693
3562,2258
3563,2895
3564,2616
3565,4062
3566,146
3567,1820
3568,865
3569,2386
3570,2488
3571,2434
3572,3108
3573,598
3574,1011
3575,2437
3576,3791
3577,1621
3578,830
3579,1698
3580,4278
3581,3251
3582,69
3583,3203
3584,2278
3585,3994
3586,3601
3587,3691
3588,19
3589,202
3590,1768
3591,2081
3592,3817
3593,904
3594,855
3595,1481
3596,1564
3597,1629
3598,4301
3599,2251
3600,2242
3601,643
3602,2125
3603,4509
3604,3557
3605,2455
3606,1502
3607,833
3608,114
3609,630
3610,367
3611,3120
3612,2291
3613,2821
3614,4074
3615,534
3616,3749
3617,2331
3618,1761
3619,3688
3620,3163
3621,2435
3622,3938
3623,818
3624,748
3625,3170
3626,1599
3627,3909
3628,657
3629,3177
3630,591
3631,703
3632,4419
3633,3391
3634,4497
3635,3992
3636,4156
3637,1172
3638,4058
3639,2167
3640,3828
3641,94
3642,3028
3643,4164
3644,3574
3645,3012
3646,3123
3647,519
3648,974
3649,3225
3650,347
3651,655
3652,390
3653,3424
3654,1222
3655,4538
3656,799
3657,2821
3658,2689
3659,2164
3660,1035
3661,3008
3662,793
3663,2834
3664,3598
3665,2023
3666,1901
3667,3597
3668,2163
3669,299
3670,1506
3671,4361
3672,2248
3673,870
3674,2738
3675,259
3676,1139
3677,693
3678,489
3679,4329
3680,1208
3681,2741
3682,98
3683,1186
3684,72
3685,3144
3686,4111
3687,2058
3688,9
3689,2706
3690,481
3691,2544
3692,1244
3693,2861
3694,3880
3695,459
3696,3804
3697,85
3698,131
3699,1761
3700,356
3701,3321
3702,372
3703,1880
3704,4061
3705,3783
3706,1335
3707,2075
3708,290
3709,3835
3710,1325
3711,3797
3712,4211
3713,1108
3714,1844
3715,3745
3716,4559
3717,870
3718,200
3719,4503
3720,2643
3721,1445
3722,3684
3723,3883
3724,365
3725,3548
3726,4291
3727,2206
3728,3631
3729,3192
3730,2410
3731,550
3732,798
3733,918
3734,1905
3735,2074
3736,1416
3737,3799
3738,3741
3739,384
3740,2312
3741,1512
3742,3686
3743,1584
3744,763
3745,1576
3746,831
3747,2021
3748,1389
3749,1845
3750,4379
3751,3006
3752,1484
3753,4430
3754,1994
3755,3596
3756,2629
3757,1419
3758,367
3759,2558
3760,4098
3761,972
3762,1047
3763,4292
3764,3265
3765,1038
3766,3366
3767,506
3768,2869
3769,818
3770,905
3771,4173
3772,1139
3773,1225
3774,3168
3775,967
3776,812
3777,1705
3778,1586
3779,3913
3780,2209
3781,2004
3782,1867
3783,1406
3784,4111
3785,1648
3786,134
3787,1865
3788,2688
3789,1346
3790,485
3791,973
3792,2521
3793,3047
3794,160
3795,1411
3796,2156
3797,219
3798,4444
3799,698
3800,830
3801,1767
3802,2903
3803,3236
3804,765
3805,2063
3806,2979
3807,4559
3808,2395
3809,1124
3810,1330
3811,688
3812,2154
3813,1315
3814,3710
3815,1006
3816,289
3817,2086
3818,881
3819,2802
3820,4277
3821,2472
3822,1715
3823,480
3824,4233
3825,4273
3826,3320
3827,2718
3828,2184
3829,2822
3830,4537
3831,96
3832,277
3833,1445
3834,2349
3835,2746
3836,1817
3837,512
3838,3887
3839,507
3840,3658
3841,2972
3842,2645
3843,2162
3844,852
3845,1359
3846,1484
3847,701
3848,2667
3849,1066
3850,4145
3851,350
3852,1394
3853,2649
3854,3882
3855,4480
3856,4420
3857,2060
3858,4007
3859,2094
3860,3234
3861,2109
3862,2744
3863,4343
3864,4307
3865,967
3866,558
3867,4270
3868,3362
3869,662
3870,51
3871,1343
3872,2343
3873,3519
3874,4270
3875,4038
3876,4295
3877,3682
3878,1830
3879,2948
3880,3784
3881,1833
3882,2649
3883,2100
3884,4292
3885,2069
3886,1147
3887,1335
3888,1765
3889,3266
3890,514
3891,2617
3892,3008
3893,3370
3894,2889
3895,3991
3896,3737
3897,3760
3898,411
3899,3109
3900,3389
3901,3063
3902,1295
3903,494
3904,1432
3905,2634
3906,1387
3907,3508
3908,2592
3909,4210
3910,1596
3911,3053
3912,540
3913,935
3914,1875
3915,1284
3916,1980
3917,3031
3918,3952
3919,3234
3920,1382
3921,332
3922,325
3923,2521
3924,2938
3925,3207
3926,4120
3927,299
3928,3233
3929,4104
3930,1479
3931,636
3932,1839
3933,2721
3934,2447
3935,2440
3936,4598
3937,2351
3938,809
3939,1661
3940,2947
3941,295
3942,53
3943,2123
3944,2273
3945,1959
3946,3692
3947,1499
3948,3330
3949,3121
3950,3419
3951,764
3952,1013
3953,1630
3954,1383
3955,3748
3956,2536
3957,3047
3958,2484
3959,1831
3960,3735
3961,4479
3962,1327
3963,3865
3964,1738
3965,2036
3966,1939
3967,3774
3968,1715
3969,4263
3970,4004
3971,4119
3972,1882
3973,505
3974,2278
3975,639
3976,1536
3977,2477
3978,863
3979,3238
3980,3039
3981,476
3982,4136
3983,876
3984,3897
3985,672
3986,18
3987,1816
3988,1010
3989,852
3990,2766
3991,1528
3992,2308
3993,4551
3994,2533
3995,4067
3996,941
3997,219
3998,1320
3999,974
4000,2266
4001,1195
4002,1000
4003,3925
4004,4122
4005,4217
4006,4492
4007,3774
4008,2926
4009,4255
4010,844
4011,4319
4012,1235
4013,4327
4014,4326
4015,4432
4016,1218
4017,3541
4018,1762
4019,2942
4020,2997
4021,1852
4022,1659
4023,3086
4024,3898
4025,60
4026,569
4027,3391
4028,2796
4029,1705
4030,150
4031,1993
4032,1952
4033,2158
4034,2524
4035,214
4036,3397
4037,150
4038,4405
4039,2495
4040,3184
4041,4471
4042,1120
4043,1512
4044,3415
4045,1187
4046,2450
4047,1501
4048,760
4049,2099
4050,2057
4051,3496
4052,3890
4053,2762
4054,2646
4055,3015
4056,4207
4057,3555
4058,526
4059,3185
4060,1955
4061,3601
4062,1204
4063,1420
4064,1355
4065,1539
4066,4149
4067,3131
4068,1537
4069,1776
4070,3525
4071,2813
4072,3389
4073,1404
4074,905
4075,1154
4076,4167
4077,3332
4078,3244
4079,4573
4080,4048
4081,347
4082,4546
4083,2130
4084,1395
4085,449
4086,3409
4087,3250
4088,3449
4089,413
4090,2082
4091,2254
4092,285
4093,3276
4094,1860
4095,2780
4096,2157
4097,2571
4098,2617
4099,2375
4100,361
4101,3699
4102,2187
4103,484
4104,3947
4105,78
4106,3215
4107,3123
4108,1918
4109,288
4110,4389
4111,1744
4112,4216
4113,3819
4114,2389
4115,2509
4116,1609
4117,397
4118,4106
4119,1711
4120,811
4121,1983
4122,2182
4123,3590
4124,3456
4125,4388
4126,4214
4127,1453
4128,222
4129,102
4130,2369
4131,1700
4132,295
4133,2964
4134,3911
4135,2350
4136,580
4137,558
4138,4419
4139,3571
4140,4357
4141,3691
4142,1477
4143,4447
4144,1083
4145,523
4146,1769
4147,2118
4148,3958
4149,2220
4150,3372
4151,983
4152,2869
4153,987
4154,3337
4155,2878
4156,1151
4157,3122
4158,4546
4159,2757
4160,120
4161,511
4162,1464
4163,3044
4164,1325
4165,808
4166,2878
4167,481
4168,1444
4169,2270
4170,3143
4171,3805
4172,2513
4173,2567
4174,4417
4175,4153
4176,2423
4177,2260
4178,4551
4179,3028
4180,1972
4181,1743
4182,3441
4183,791
4184,98
4185,572
4186,2045
4187,1709
4188,2667
4189,332
4190,1700
4191,338
4192,1931
4193,4074
4194,380
4195,613
4196,3307
4197,1251
4198,1409
4199,379
4200,309
4201,2391
4202,3262
4203,4500
4204,1428
4205,3276
4206,2625
4207,3194
4208,948
4209,875
4210,1407
4211,2105
4212,719
4213,4144
4214,1647
4215,40
4216,802
4217,4541
4218,4129
4219,3467
4220,2086
4221,1069
4222,3448
4223,3890
4224,2503
4225,2561
4226,1722
4227,45
4228,1942
4229,245
4230,499
4231,182
4232,2861
4233,2038
4234,934
4235,759
4236,4525
4237,4010
4238,3663
4239,1281
4240,3874
4241,1675
4242,2097
4243,1533
4244,2731
4245,3797
4246,3742
4247,636
4248,1517
4249,3434
4250,838
4251,3736
4252,1925
4253,4084
4254,1041
4255,1410
4256,672
4257,3821
4258,922
4259,2391
4260,530
4261,1035
4262,3676
4263,4283
4264,1994
4265,3249
4266,2472
4267,1399
4268,4584
4269,101
4270,178
4271,3668
4272,3176
4273,1719
4274,2451
4275,464
4276,3011
4277,214
4278,2660
4279,748
4280,1541
4281,4551
4282,336
4283,3470
4284,727
4285,2743
4286,106
4287,3478
4288,2608
4289,4527
4290,1746
4291,1151
4292,1734
4293,4364
4294,2620
4295,2292
4296,1054
4297,3965
4298,1944
4299,493
4300,4558
4301,2799
4302,4432
4303,4321
4304,707
4305,3947
4306,421
4307,2206
4308,2911
4309,3170
4310,2457
4311,4311
4312,3078
4313,3841
4314,3522
4315,1957
4316,2315
4317,3139
4318,790
4319,32
4320,3804
4321,3389
4322,2044
4323,2746
4324,1971
4325,2407
4326,1372
4327,360
4328,3153
4329,2581
4330,4177
4331,3687
4332,1947
4333,4038
4334,1023
4335,2328
4336,3835
4337,4205
4338,2606
4339,2484
4340,4546
4341,1865
4342,2700
4343,1163
4344,3144
4345,353
4346,4020
4347,1834
4348,1578
4349,941
4350,2918
4351,4368
4352,55
4353,233
4354,3469
4355,4153
4356,2333
4357,3366
4358,3322
4359,4093
4360,2802
4361,4273
4362,1319
4363,3305
4364,801
4365,801
4366,1550
4367,1614
4368,3075
4369,3717
4370,4539
4371,3859
4372,3852
4373,2733
4374,2563
4375,2988
4376,4254
4377,3963
4378,2403
4379,4591
4380,2144
4381,15
4382,2621
4383,4508
4384,2529
4385,3015
4386,3835
4387,2230
4388,3610
4389,2335
4390,1005
4391,1306
4392,4334
4393,4247
4394,2571
4395,3137
4396,232
4397,4505
4398,1484
4399,2212
4400,2783
4401,2603
4402,2985
4403,3778
4404,4324
4405,3694
4406,3005
4407,191
4408,2011
4409,1772
4410,2449
4411,2897
4412,4334
4413,4265
4414,3986
4415,3678
4416,3535
4417,1412
4418,4195
4419,4470
4420,570
4421,371
4422,2130
4423,4555
4424,188
4425,1306
4426,1852
4427,1817
4428,1085
4429,520
4430,243
4431,2227
4432,4074
4433,3112
4434,3423
4435,3452
4436,3258
4437,3411
4438,2237
4439,3184
4440,2849
4441,3048
4442,481
4443,1374
4444,2146
4445,3393
4446,2866
4447,996
4448,3223
4449,1581
4450,2080
4451,2280
4452,2797
4453,4436
4454,4376
4455,2880
4456,1929
4457,99
4458,4233
4459,430
4460,1157
4461,381
4462,3889
4463,4135
4464,883
4465,721
4466,1631
4467,703
4468,3639
4469,3202
4470,4061
4471,2891
4472,1962
4473,4107
4474,697
4475,527
4476,2859
4477,2360
4478,4292
4479,3268
4480,4435
4481,2121
4482,3733
4483,3
4484,2802
4485,1047
4486,754
4487,2984
4488,3382
4489,2528
4490,74
4491,3200
4492,2622
4493,1194
4494,3015
4495,1420
4496,4350
4497,4369
4498,4361
4499,4188
4500,899
4501,2296
4502,1564
4503,333
4504,1250
4505,3538
4506,3973
4507,137
4508,4302
4509,2816
4510,307
4511,1939
4512,1017
4513,1610
4514,1141
4515,2517
4516,2947
4517,4462
4518,3566
4519,1740
4520,1002
4521,2342
4522,1300
4523,2024
4524,2477
4525,891
4526,2298
4527,3777
4528,688
4529,3424
4530,3505
4531,1250
4532,1917
4533,3191
4534,2665
4535,787
4536,3979
4537,2225
4538,608
4539,179
4540,2673
4541,2528
4542,2343
4543,2654
4544,3969
4545,3721
4546,4349
4547,2131
4548,2568
4549,2338
4550,1421
4551,1445
4552,3292
4553,2658
4554,3302
4555,4291
4556,902
4557,107
4558,2550
4559,912
4560,3256
4561,140
4562,269
4563,934
4564,780
4565,277
4566,2315
4567,3663
4568,3083
4569,3189
4570,962
4571,343
4572,3056
4573,2004
4574,1443
4575,1713
4576,2681
4577,2606
4578,34
4579,524
4580,353
4581,1539
4582,4555
4583,3439
4584,845
4585,2032
4586,1989
4587,3101
4588,4549
4589,2496
4590,1162
4591,2470
4592,3386
4593,3926
4594,4388
4595,1166
4596,1618
4597,2563
4598,671
4599,2956
4600,3301
4601,4263
4602,1047
4603,3427
4604,953
4605,1933
4606,2660
4607,943
4608,805
4609,3427
4610,4481
4611,226
4612,2176
4613,392
4614,3683
4615,3374
4616,3672
4617,3252
4618,1427
4619,4506
4620,2194
4621,1996
4622,1187
4623,1834
4624,2873
4625,1402
4626,215
4627,349
4628,1915
4629,4084
4630,2292
4631,2823
4632,3517
4633,799
4634,1015
4635,152
4636,1041
4637,1420
4638,1904
4639,2965
4640,3084
4641,1124
4642,600
4643,1513
4644,1910
4645,2631
4646,3002
4647,3333
4648,4373
4649,552
4650,3606
4651,2507
4652,51
4653,2400
4654,2152
4655,2160
4656,3527
4657,2912
4658,2141
4659,4534
4660,1000
4661,518
4662,361
4663,3120
4664,1532
4665,1132
4666,2542
4667,3955
4668,2670
4669,3501
4670,392
4671,2459
4672,4563
4673,2604
4674,1851
4675,3945
4676,3130
4677,1304
4678,337
4679,599
4680,1632
4681,4581
4682,4219
4683,3165
4684,591
4685,1031
4686,1948
4687,2009
4688,534
4689,4314
4690,2191
4691,2521
4692,3225
4693,2600
4694,100
4695,4020
4696,2848
4697,1022
4698,2602
4699,153
4700,1316
4701,4582
4702,2720
4703,3356
4704,2317
4705,4415
4706,2695
4707,2906
4708,144
4709,3519
4710,1580
4711,4404
4712,2842
4713,2597
4714,4600
4715,3427
4716,485
4717,3469
4718,3201
4719,336
4720,537
4721,4319
4722,1428
4723,1925
4724,1889
4725,2211
4726,3494
4727,1107
4728,372
4729,3796
4730,3179
4731,3907
4732,1012
4733,1785
4734,394
4735,4133
4736,391
4737,1179
4738,1033
4739,2238
4740,468
4741,790
4742,3151
4743,4125
4744,3737
4745,2659
4746,3857
4747,4477
4748,2979
4749,3480
4750,2987
4751,673
4752,2060
4753,2214
4754,1069
4755,4336
4756,493
4757,3428
4758,4131
4759,2761
4760,170
4761,4346
4762,175
4763,168
4764,3451
4765,4288
4766,1853
4767,2162
4768,1383
4769,845
4770,3315
4771,3510
4772,445
4773,2399
4774,1551
4775,2511
4776,4362
4777,3443
4778,259
4779,1475
4780,3150
4781,3660
4782,1295
4783,516
4784,2920
4785,1052
4786,4568
4787,1741
4788,4021
4789,89
4790,3983
4791,1260
4792,2383
4793,1622
4794,1523
4795,3053
4796,1359
4797,4260
4798,2628
4799,3169
4800,4384
4801,588
4802,415
4803,77
4804,1958
4805,4076
4806,750
4807,734
4808,2574
4809,1377
4810,3511
4811,1931
4812,3380
4813,2120
4814,484
4815,570
4816,2087
4817,1448
4818,405
4819,906
4820,213
4821,2427
4822,4281
4823,653
4824,12
4825,1239
4826,2865
4827,4150
4828,125
4829,1680
4830,1913
4831,2370
4832,92
4833,3172
4834,2226
4835,2982
4836,448
4837,102
4838,3290
4839,3451
4840,4052
4841,2014
4842,2229
4843,3732
4844,1085
4845,4340
4846,1881
4847,1830
4848,676
4849,3548
4850,2207
4851,4171
4852,1081
4853,917
4854,4027
4855,485
4856,4292
4857,1687
4858,4279
4859,1915
4860,3406
4861,2677
4862,2404
4863,1491
4864,1398
4865,470
4866,3996
4867,691
4868,2493
4869,2826
4870,4255
4871,2002
4872,1420
4873,3367
4874,2712
4875,455
4876,1492
4877,3239
4878,3008
4879,4014
4880,4128
4881,4263
4882,1747
4883,1600
4884,4067
4885,2054
4886,1288
4887,2853
4888,4084
4889,3984
4890,931
4891,3720
4892,1
4893,1969
4894,415
4895,3654
4896,59
4897,1675
4898,1887
4899,903
4900,1995
4901,2779
4902,1712
4903,326
4904,1608
4905,2321
4906,2034
4907,421
4908,3901
4909,2045
4910,4476
4911,2617
4912,151
4913,2044
4914,3639
4915,1789
4916,3961
4917,4225
4918,2669
4919,2912
4920,3323
4921,1801
4922,905
4923,1327
4924,772
4925,316
4926,75
4927,2983
4928,3835
4929,1236
4930,812
4931,3640
4932,4563
4933,1289
4934,2040
4935,3775
4936,2587
4937,229
4938,1306
4939,2278
4940,3350
4941,333
4942,3550
4943,1153
4944,2049
4945,589
4946,2792
4947,4097
4948,2264
4949,380
4950,825
4951,2533
4952,4325
4953,3222
4954,910
4955,687
4956,1542
4957,4348
4958,1175
4959,1655
4960,3773
4961,4491
4962,3154
4963,2652
4964,1962
4965,3730
4966,4386
4967,3203
4968,2929
4969,1864
4970,4169
4971,2631
4972,2236
4973,3675
4974,447
4975,1843
4976,4163
4977,884
4978,2693
4979,1892
4980,2956
4981,1866
4982,3526
4983,2117
4984,1407
4985,2397
4986,2193
4987,50
4988,3418
4989,621
4990,2108
4991,3639
4992,3261
4993,2288
4994,4171
4995,458
4996,3689
4997,1481
4998,4407
4999,3352
5000,4588
5001,4331
5002,3517
5003,1644
5004,1763
5005,4065
5006,3537
5007,2061
5008,755
5009,2533
5010,704
5011,3464
5012,4199
5013,3169
5014,2688
5015,3501
5016,2351
5017,2019
5018,1679
5019,3248
5020,2029
5021,2915
5022,4241
5023,1135
5024,687
5025,1547
5026,2452
5027,3770
5028,3912
5029,649
5030,4310
5031,680
5032,2473
5033,633
5034,2236
5035,3527
5036,3162
5037,4273
5038,1300
5039,4288
5040,140
5041,1340
5042,3479
5043,3855
5044,413
5045,2870
5046,4274
5047,370
5048,1115
5049,1467
5050,1669
5051,2545
5052,1639
5053,629
5054,1885
5055,4408
5056,2218
5057,2661
5058,1339
5059,2684
5060,2268
5061,591
5062,880
5063,4412
5064,4325
5065,4185
5066,2730
5067,3246
5068,840
5069,2730
5070,2699
5071,3156
5072,410
5073,2665
5074,1284
5075,1849
5076,1393
5077,2068
5078,596
5079,1290
5080,3966
5081,1742
5082,310
5083,1548
5084,3891
5085,4473
5086,700
5087,2012
5088,2988
5089,1630
5090,3358
5091,1449
5092,441
5093,2738
5094,534
5095,1125
5096,1013
5097,854
5098,573
5099,980
5100,601
5101,835
5102,1031
5103,897
5104,144
5105,1257
5106,2047
5107,1932
5108,151
5109,3395
5110,539
5111,4197
5112,2341
5113,3053
5114,133
5115,176
5116,2105
5117,116
5118,1492
5119,2925
5120,2868
5121,845
5122,428
5123,1451
5124,1106
5125,302
5126,3169
5127,1890
5128,3519
5129,1467
5130,4350
5131,1227
5132,2743
5133,136
5134,1161
5135,1136
5136,3140
5137,4320
5138,1918
5139,2163
5140,4427
5141,4412
5142,1934
5143,3969
5144,19
5145,447
5146,4261
5147,2985
5148,235
5149,18
5150,1995
5151,3559
5152,3528
5153,1913
5154,4371
5155,2197
5156,4335
5157,2545
5158,1768
5159,3322
5160,1150
5161,1803
5162,4357
5163,1024
5164,3296
5165,709
5166,4377
5167,2905
5168,1873
5169,37
5170,3197
5171,3010
5172,4335
5173,2287
5174,3739
5175,3171
5176,2700
5177,2225
5178,1017
5179,2624
5180,3990
5181,4517
5182,67
5183,1672
5184,2171
5185,3656
5186,3287
5187,4384
5188,3331
5189,3082
5190,1611
5191,4400
5192,2708
5193,766
5194,2055
5195,1113
5196,4325
5197,2462
5198,1697
5199,3296
5200,4460
5201,3824
5202,319
5203,1143
5204,1585
5205,2206
5206,239
5207,4293
5208,2114
5209,2582
5210,747
5211,1594
5212,4209
5213,2546
5214,2253
5215,779
5216,446
5217,1381
5218,4409
5219,579
5220,2669
5221,2681
5222,4441
5223,1029
5224,3869
5225,1591
5226,1073
5227,959
5228,1457
5229,541
5230,2544
5231,2436
5232,4529
5233,1488
5234,1239
5235,3847
5236,2113
5237,118
5238,1302
5239,1752
5240,2280
5241,4394
5242,3685
5243,1057
5244,230
5245,151
5246,1467
5247,4412
5248,350
5249,1286
5250,1227
5251,2230
5252,2353
5253,2524
5254,1842
5255,3724
5256,3849
5257,3898
5258,2391
5259,3907
5260,288
5261,554
5262,4359
5263,2551
5264,376
5265,3023
5266,3449
5267,601
5268,2521
5269,1564
5270,3719
5271,1811
5272,1704
5273,4526
5274,4281
5275,3790
5276,2972
5277,3750
5278,536
5279,4367
5280,3609
5281,664
5282,3464
5283,4026
5284,3521
5285,2191
5286,2073
5287,3268
5288,2450
5289,4601
5290,3967
5291,4023
5292,699
5293,498
5294,2642
5295,2988
5296,588
5297,3385
5298,2114
5299,347
5300,3408
5301,3449
5302,4584
5303,2510
5304,3590
5305,3854
5306,1845
5307,845
5308,2858
5309,2966
5310,1322
5311,734
5312,101
5313,238
5314,740
5315,784
5316,2593
5317,1494
5318,3181
5319,1958
5320,3666
5321,4537
5322,2639
5323,762
5324,1527
5325,3175
5326,2347
5327,1867
5328,4200
5329,1659
5330,423
5331,2002
5332,804
5333,4140
5334,3992
5335,3006
5336,4067
5337,1767
5338,980
5339,3072
5340,3644
5341,519
5342,2044
5343,75
5344,488
5345,1450
5346,4412
5347,1070
5348,1404
5349,795
5350,3249
5351,1731
5352,4253
5353,1941
5354,4552
5355,960
5356,3606
5357,3705
5358,326
5359,1556
5360,449
5361,24
5362,1628
5363,150
5364,111
5365,649
5366,3505
5367,1232
5368,3229
5369,2161
5370,4541
5371,4588
5372,969
5373,171
5374,53
5375,2249
5376,391
5377,1676
5378,3823
5379,2961
5380,1702
5381,1469
5382,3028
5383,2157
5384,2018
5385,2646
5386,2763
5387,3732
5388,198
5389,4157
5390,2380
5391,72
5392,284
5393,898
5394,799
5395,522
5396,51
5397,739
5398,4171
5399,3940
5400,3851
5401,4266
5402,4221
5403,1659
5404,869
5405,4129
5406,74
5407,2693
5408,2554
5409,3400
5410,2595
5411,2051
5412,278
5413,2471
5414,2073
5415,4109
5416,1341
5417,1662
5418,3670
5419,3783
5420,2111
5421,166
5422,168
5423,854
5424,3232
5425,665
5426,197
5427,308
5428,4086
5429,1274
5430,355
5431,1715
5432,1391
5433,1398
5434,1315
5435,1549
5436,3006
5437,4218
5438,3149
5439,267
5440,3243
5441,15
5442,2055
5443,1957
5444,3072
5445,2196
5446,2242
5447,4076
5448,3120
5449,2729
5450,3473
5451,2008
5452,2719
5453,662
5454,1686
5455,3398
5456,994
5457,2563
5458,470
5459,4009
5460,1634
5461,2445
5462,3753
5463,192
5464,235
5465,3681
5466,1157
5467,110
5468,3113
5469,3211
5470,1777
5471,1925
5472,1362
5473,548
5474,4216
5475,4082
5476,2341
5477,1146
5478,4345
5479,2589
5480,2220
5481,385
5482,3286
5483,1768
5484,2455
5485,1821
5486,2735
5487,1145
5488,4225
5489,2337
5490,983
5491,2360
5492,1468
5493,2574
5494,341
5495,33
5496,2966
5497,3178
5498,1300
5499,3364
5500,1619
5501,2151
5502,1592
5503,4237
5504,2841
5505,3791
5506,946
5507,4423
5508,3684
5509,2810
5510,759
5511,359
5512,186
5513,2929
5514,4059
5515,1146
5516,4180
5517,2597
5518,1001
5519,4573
5520,38
5521,2573
5522,3035
5523,3275
5524,3484
5525,4107
5526,4248
5527,1279
5528,253
5529,1989
5530,3602
5531,1041
5532,802
5533,1961
5534,4180
5535,1765
5536,1899
5537,3096
5538,3451
5539,59
5540,3708
5541,1896
5542,3835
5543,1806
5544,2936
5545,1754
5546,2171
5547,101
5548,466
5549,4087
5550,2707
5551,496
5552,1068
5553,1631
5554,2350
5555,3502
5556,1460
5557,775
5558,4024
5559,3945
5560,2278
5561,1798
5562,2008
5563,102
5564,156
5565,2516
5566,1495
5567,3925
5568,1175
5569,3136
5570,3924
5571,1463
5572,3784
5573,2246
5574,2462
5575,574
5576,2054
5577,2281
5578,347
5579,4208
5580,241
5581,1990
5582,4522
5583,1734
5584,2811
5585,751
5586,3040
5587,308
5588,1071
5589,4501
5590,4271
5591,3034
5592,2971
5593,4292
5594,3478
5595,2898
5596,2348
5597,157
5598,3514
5599,2290
5600,112
5601,3874
5602,4549
5603,162
5604,1788
5605,3454
5606,3259
5607,3501
5608,1593
5609,575
5610,2360
5611,170
5612,4138
5613,2360
5614,1328
5615,571
5616,2252
5617,926
5618,3380
5619,3266
5620,1881
5621,1249
5622,3362
5623,128
5624,2320
5625,2369
5626,2224
5627,919
5628,2896
5629,3527
5630,754
5631,168
5632,4460
5633,1436
5634,463
5635,1410
5636,4204
5637,2877
5638,4397
5639,574
5640,950
5641,2651
5642,4607
5643,1347
5644,878
5645,644
5646,1450
5647,4494
5648,4031
5649,4041
5650,1744
5651,4484
5652,2315
5653,2167
5654,3285
5655,1519
5656,2604
5657,3384
5658,1534
5659,1417
5660,853
5661,4577
5662,1577
5663,2066
5664,1145
5665,4357
5666,4527
5667,3066
5668,1273
5669,1686
5670,1734
5671,3777
5672,107
5673,3392
5674,3066
5675,2746
5676,4016
5677,101
5678,2560
5679,2427
5680,3651
5681,2515
5682,562
5683,3030
5684,2381
5685,174
5686,3475
5687,911
5688,2774
5689,1471
5690,2966
5691,3964
5692,1102
5693,424
5694,2164
5695,4311
5696,3044
5697,2713
5698,1700
5699,3699
5700,228
5701,625
5702,3131
5703,3248
5704,1113
5705,3008
5706,2970
5707,887
5708,2957
5709,228
5710,1376
5711,4537
5712,797
5713,2560
5714,2569
5715,818
5716,3876
5717,4228
5718,4456
5719,2690
5720,3294
5721,1408
5722,3837
5723,3865
5724,1839
5725,2020
5726,1533
5727,1115
5728,1823
5729,2339
5730,1044
5731,3546
5732,2039
5733,4051
5734,2794
5735,3127
5736,685
5737,4154
5738,4084
5739,2922
5740,486
5741,1405
5742,2959
5743,517
5744,202
5745,1830
5746,4034
5747,3805
5748,3347
5749,3856
5750,1953
5751,1644
5752,2207
5753,1616
5754,247
5755,1564
5756,2308
5757,1962
5758,4122
5759,65
5760,2798
5761,2974
5762,2183
5763,2505
5764,3213
5765,1678
5766,1086
5767,3878
5768,4370
5769,3828
5770,1754
5771,3288
5772,1307
5773,700
5774,2426
5775,2152
5776,1621
5777,3807
5778,129
5779,3980
5780,1678
5781,914
5782,1927
5783,3013
5784,200
5785,2173
5786,3580
5787,1703
5788,2651
5789,1464
5790,4274
5791,2983
5792,1718
5793,2882
5794,48
5795,855
5796,2966
5797,4429
5798,1065
5799,1152
5800,2887
5801,1469
5802,3064
5803,522
5804,872
5805,370
5806,245
5807,4287
5808,2640
5809,1458
5810,4276
5811,943
5812,1127
5813,1461
5814,4468
5815,2420
5816,4473
5817,2314
5818,2829
5819,3557
5820,814
5821,3957
5822,1211
5823,2883
5824,1776
5825,1691
5826,2527
5827,1545
5828,883
5829,1019
5830,4292
5831,2442
5832,3480
5833,524
5834,3243
5835,3942
5836,2919
5837,1780
5838,1915
5839,1300
5840,4019
5841,106
5842,1329
5843,4414
5844,463
5845,3618
5846,4264
5847,1385
5848,3823
5849,2442
5850,3497
5851,1080
5852,2506
5853,4585
5854,3847
5855,4452
5856,285
5857,756
5858,877
5859,4117
5860,2676
5861,3458
5862,388
5863,1160
5864,2147
5865,2340
5866,3915
5867,1448
5868,4025
5869,1631
5870,2967
5871,1447
5872,2028
5873,2321
5874,496
5875,1202
5876,2838
5877,4329
5878,2639
5879,4594
5880,1786
5881,4575
5882,2384
5883,1691
5884,2784
5885,1161
5886,4304
5887,2415
5888,3445
5889,4196
5890,1386
5891,1618
5892,4128
5893,689
5894,4468
5895,2897
5896,956
5897,1899
5898,3380
5899,3991
5900,2295
5901,3425
5902,377
5903,4325
5904,1993
5905,2731
5906,2128
5907,928
5908,3835
5909,210
5910,3895
5911,3242
5912,4483
5913,1145
5914,228
5915,4204
5916,497
5917,1631
5918,2058
5919,2389
5920,1702
5921,4080
5922,3131
5923,82
5924,3298
5925,1561
5926,4249
5927,2021
5928,1039
5929,4541
5930,1496
5931,1674
5932,4191
5933,1705
5934,1599
5935,2470
5936,2565
5937,870
5938,3052
5939,3426
5940,2647
5941,3577
5942,2565
5943,1278
5944,968
5945,2077
5946,3190
5947,2015
5948,2200
5949,2487
5950,459
5951,1310
5952,4317
5953,3263
5954,2722
5955,3897
5956,3440
5957,3351
5958,3974
5959,2768
5960,1462
5961,3155
5962,311
5963,3024
5964,1361
5965,3969
5966,2409
5967,865
5968,932
5969,3008
5970,1167
5971,1049
5972,920
5973,2966
5974,681
5975,3573
5976,2408
5977,3811
5978,4337
5979,3986
5980,2911
5981,2361
5982,957
5983,4266
5984,2866
5985,2852
5986,1304
5987,3257
5988,2243
5989,3816
5990,2864
5991,3817
5992,4216
5993,4111
5994,1571
5995,3119
5996,1865
5997,4481
5998,2775
5999,1483
6000,2322
6001,4302
6002,1890
6003,1499
6004,2368
6005,4042
6006,523
6007,4130
6008,346
6009,3267
6010,3436
6011,1514
6012,1471
6013,4392
6014,3461
6015,3235
6016,4060
6017,2727
6018,2182
6019,269
6020,3913
6021,1319
6022,2554
6023,2866
6024,3066
6025,2376
6026,1076
6027,4566
6028,1283
6029,113
6030,1074
6031,2345
6032,1893
6033,3562
6034,2398
6035,1060
6036,2255
6037,1753
6038,1955
6039,1764
6040,348
6041,4564
6042,187
6043,1693
6044,4110
6045,397
6046,30
6047,1963
6048,2612
6049,4275
6050,2954
6051,4375
6052,3136
6053,2619
6054,2335
6055,2797
6056,110
6057,3835
6058,2630
6059,1057
6060,2184
6061,876
6062,1756
6063,1104
6064,857
6065,3020
6066,1605
6067,615
6068,3147
6069,719
6070,414
6071,2208
6072,86
6073,1806
6074,4310
6075,3409
6076,2824
6077,4291
6078,2550
6079,859
6080,1856
6081,3534
6082,1830
6083,530
6084,2065
6085,3207
6086,3374
6087,3309
6088,1027
6089,556
6090,3617
6091,1408
6092,2476
6093,779
6094,2603
6095,498
6096,461
6097,1692
6098,1193
6099,3105
6100,3074
6101,3247
6102,2494
6103,137
6104,2043
6105,1120
6106,338
6107,1717
6108,3749
6109,544
6110,3479
6111,4183
6112,3306
6113,2634
6114,3463
6115,729
6116,4203
6117,4080
6118,2812
6119,641
6120,3280
6121,2154
6122,3394
6123,3497
6124,2499
6125,1712
6126,1263
6127,751
6128,2361
6129,3922
6130,4253
6131,1357
6132,2494
6133,338
6134,2623
6135,1553
6136,4356
6137,2333
6138,2379
6139,2728
6140,630
6141,829
6142,2001
6143,486
6144,1306
6145,4077
6146,2934
6147,261
6148,4185
6149,618
6150,1295
6151,1173
6152,478
6153,570
6154,2524
6155,4021
6156,4124
6157,4470
6158,3707
6159,2253
6160,1424
6161,1888
6162,364
6163,1076
6164,1637
6165,2379
6166,4492
6167,1798
6168,3047
6169,1331
6170,3869
6171,2545
6172,2524
6173,4044
6174,2494
6175,3896
6176,318
6177,4481
6178,1475
6179,4065
6180,1379
6181,2288
6182,840
6183,3022
6184,12
6185,1745
6186,3693
6187,1049
6188,1519
6189,2946
6190,4334
6191,678
6192,739
6193,1445
6194,4409
6195,431
6196,4257
6197,3042
6198,2057
6199,1481
6200,2428
6201,1632
6202,1822
6203,4305
6204,3406
6205,1195
6206,3146
6207,43
6208,2260
6209,1728
6210,2543
6211,2399
6212,4483
6213,2522
6214,1159
6215,1331
6216,2655
6217,2261
6218,3029
6219,3213
6220,816
6221,1750
6222,142
6223,4126
6224,152
6225,3478
6226,3365
6227,1893
6228,2349
6229,2715
6230,802
6231,869
6232,34
6233,3244
6234,3371
6235,1537
6236,4189
6237,673
6238,2349
6239,2353
6240,745
6241,1510
6242,460
6243,4291
6244,4424
6245,1054
6246,3074
6247,277
6248,66
6249,2906
6250,23
6251,4277
6252,1454
6253,1402
6254,4312
6255,1342
6256,2530
6257,2153
6258,3882
6259,1987
6260,2435
6261,3858
6262,1378
6263,3014
6264,2644
6265,3678
6266,526
6267,3178
6268,1482
6269,4293
6270,3756
6271,3881
6272,1246
6273,4098
6274,2086
6275,3862
6276,3329
6277,2263
6278,2813
6279,4197
6280,1762
6281,4349
6282,937
6283,1871
6284,1801
6285,2446
6286,14
6287,2254
6288,2415
6289,2026
6290,3352
6291,3815
6292,3103
6293,3660
6294,3637
6295,19
6296,4078
6297,2168
6298,2921
6299,3427
6300,1271
6301,3350
6302,2450
6303,360
6304,3393
6305,810
6306,3463
6307,1138
6308,1908
6309,3288
6310,336
6311,1579
6312,3052
6313,608
6314,4144
6315,2924
6316,4542
6317,2700
6318,3124
6319,2024
6320,1176
6321,46
6322,2913
6323,2226
6324,2313
6325,3823
6326,4218
6327,4052
6328,1109
6329,66
6330,4299
6331,886
6332,2844
6333,400
6334,2024
6335,2694
6336,4073
6337,566
6338,2372
6339,1563
6340,3546
6341,3074
6342,4339
6343,389
6344,1973
6345,4499
6346,3018
6347,2215
6348,3989
6349,4580
6350,2504
6351,3394
6352,4268
6353,1158
6354,1362
6355,3735
6356,597
6357,186
6358,2908
6359,1272
6360,189
6361,1021
6362,4461
6363,4285
6364,1364
6365,1800
6366,4344
6367,4239
6368,1853
6369,3506
6370,3547
6371,1218
6372,1555
6373,2047
6374,1177
6375,282
6376,3392
6377,251
6378,2431
6379,1499
6380,4209
6381,3990
6382,4386
6383,1496
6384,1827
6385,4538
6386,1326
6387,313
6388,1114
6389,3647
6390,2788
6391,1009
6392,1744
6393,1233
6394,1
6395,2594
6396,3914
6397,3582
6398,880
6399,1694
6400,4019
6401,2694
6402,2579
6403,2028
6404,3019
6405,237
6406,4123
6407,176
6408,1765
6409,819
6410,112
6411,2376
6412,2215
6413,2118
6414,3010
6415,2266
6416,205
6417,2371
6418,2263
6419,1410
6420,2018
6421,657
6422,2986
6423,3097
6424,2273
6425,3552
6426,4601
6427,2227
6428,1059
6429,1150
6430,587
6431,2731
6432,2920
6433,2104
6434,3594
6435,1776
6436,1122
6437,1637
6438,2788
6439,2574
6440,3840
6441,3326
6442,997
6443,3858
6444,3407
6445,3152
6446,4405
6447,4132
6448,1771
6449,3655
6450,684
6451,1602
6452,439
6453,1440
6454,3053
6455,3006
6456,4398
6457,1932
6458,182
6459,3224
6460,1331
6461,4502
6462,20
6463,590
6464,24
6465,1799
6466,2786
6467,2657
6468,3524
6469,1012
6470,164
6471,924
6472,842
6473,2296
6474,3958
6475,3133
6476,3030
6477,3091
6478,18
6479,1340
6480,3591
6481,3842
6482,715
6483,2791
6484,1090
6485,1859
6486,3445
6487,4109
6488,2647
6489,3033
6490,1199
6491,3540
6492,3548
6493,4458
6494,1903
6495,4605
6496,3648
6497,3220
6498,2283
6499,4447
6500,3329
6501,2294
6502,217
6503,3
6504,1156
6505,1007
6506,4041
6507,4130
6508,1585
6509,4259
6510,3536
6511,128
6512,2079
6513,258
6514,3737
6515,4112
6516,1517
6517,2262
6518,1355
6519,2694
6520,260
6521,213
6522,239
6523,1619
6524,2169
6525,4284
6526,207
6527,2707
6528,2876
6529,4516
6530,1515
6531,709
6532,4011
6533,3682
6534,2012
6535,1054
6536,725
6537,1890
6538,383
6539,4573
6540,387
6541,4085
6542,3725
6543,2409
6544,1805
6545,4181
6546,2300
6547,3520
6548,4523
6549,1781
6550,1171
6551,4388
6552,1226
6553,1886
6554,2222
6555,3308
6556,1883
6557,3917
6558,2470
6559,3226
6560,4587
6561,2326
6562,1430
6563,3097
6564,4011
6565,638
6566,555
6567,603
6568,2937
6569,2409
6570,4155
6571,3904
6572,3413
6573,2288
6574,1578
6575,1565
6576,2451
6577,123
6578,1213
6579,2849
6580,903
6581,4327
6582,3432
6583,4140
6584,3870
6585,4163
6586,1986
6587,239
6588,2040
6589,4575
6590,1500
6591,2076
6592,1286
6593,3920
6594,1593
6595,329
6596,2365
6597,4068
6598,4316
6599,1082
6600,320
6601,723
6602,77
6603,3041
6604,4440
6605,751
6606,3883
6607,3601
6608,3326
6609,4156
6610,4260
6611,3724
6612,3689
6613,3992
6614,3861
6615,2521
6616,2215
6617,1268
6618,3797
6619,145
6620,2386
6621,2068
6622,691
6623,3935
6624,2326
6625,2549
6626,2115
6627,3377
6628,1976
6629,1908
6630,438
6631,4511
6632,3510
6633,3737
6634,723
6635,1373
6636,3533
6637,33
6638,3438
6639,3822
6640,3825
6641,1679
6642,4565
6643,2579
6644,590
6645,1502
6646,150
6647,1101
6648,3636
6649,301
6650,373
6651,3463
6652,1130
6653,1544
6654,1255
6655,3208
6656,1068
6657,1377
6658,4475
6659,279
6660,1779
6661,2388
6662,838
6663,1951
6664,1441
6665,608
6666,122
6667,742
6668,1372
6669,1988
6670,3134
6671,3342
6672,2541
6673,3720
6674,2940
6675,2173
6676,2128
6677,4160
6678,4321
6679,4420
6680,3054
6681,2912
6682,1398
6683,1831
6684,701
6685,2023
6686,89
6687,3177
6688,251
6689,2303
6690,4309
6691,2058
6692,1088
6693,1667
6694,3576
6695,2021
6696,1993
6697,2034
6698,4246
6699,3880
6700,752
6701,1581
6702,1821
6703,36
6704,3741
6705,1470
6706,2829
6707,301
6708,69
6709,1192
6710,3820
6711,1489
6712,1107
6713,3981
6714,258
6715,4022
6716,4017
6717,1594
6718,2363
6719,3278
6720,1325
6721,2495
6722,2396
6723,1153
6724,1386
6725,3369
6726,2210
6727,4343
6728,1745
6729,2060
6730,3659
6731,1890
6732,3092
6733,2079
6734,224
6735,1492
6736,2483
6737,728
6738,781
6739,1
6740,3058
6741,2943
6742,2360
6743,2649
6744,4028
6745,4128
6746,123
6747,175
6748,2299
6749,2612
6750,1337
6751,1264
6752,2806
6753,3894
6754,919
6755,3278
6756,4416
6757,2696
6758,1963
6759,361
6760,1337
6761,1444
6762,3528
6763,899
6764,4337
6765,3583
6766,157
6767,748
6768,4249
6769,2172
6770,3604
6771,1936
6772,1198
6773,3443
6774,2073
6775,876
6776,2593
6777,92
6778,2385
6779,1665
6780,1978
6781,997
6782,2841
6783,3372
6784,1700
6785,1899
6786,3789
6787,4026
6788,4458
6789,1191
6790,1166
6791,49
6792,1256
6793,2203
6794,3665
6795,3904
6796,2374
6797,1092
6798,1651
6799,2987
6800,4050
6801,6
6802,3180
6803,418
6804,2240
6805,2656
6806,1958
6807,2783
6808,3062
6809,2385
6810,721
6811,1203
6812,352
6813,3183
6814,4450
6815,4411
6816,3817
6817,3466
6818,3130
6819,3656
6820,4441
6821,2127
6822,3272
6823,917
6824,3277
6825,4374
6826,1383
6827,1822
6828,1583
6829,4476
6830,91
6831,4202
6832,875
6833,234
6834,2752
6835,2209
6836,2725
6837,625
6838,3822
6839,2883
6840,2925
6841,186
6842,317
6843,1513
6844,4565
6845,4286
6846,2538
6847,1300
6848,82
6849,113
6850,2832
6851,1108
6852,374
6853,4184
6854,2144
6855,1646
6856,4194
6857,2120
6858,2861
6859,2854
6860,3854
6861,3215
6862,3328
6863,1580
6864,2934
6865,2089
6866,2265
6867,3685
6868,3288
6869,227
6870,2679
6871,3043
6872,2258
6873,9
6874,2417
6875,1286
6876,1055
6877,4394
6878,4597
6879,3858
6880,1852
6881,722
6882,4270
6883,3800
6884,19
6885,2901
6886,1626
6887,3593
6888,2550
6889,1508
6890,3552
6891,2029
6892,3908
6893,1489
6894,1084
6895,1331
6896,3536
6897,2603
6898,4014
6899,4082
6900,1135
6901,1434
6902,4275
6903,3746
6904,3977
6905,2863
6906,1469
6907,3414
6908,4383
6909,4200
6910,1448
6911,4423
6912,968
6913,3565
6914,1225
6915,2516
6916,3642
6917,670
6918,531
6919,206
6920,607
6921,568
6922,138
6923,2821
6924,1636
6925,1526
6926,934
6927,2570
6928,532
6929,4464
6930,817
6931,4239
6932,667
6933,316
6934,4491
6935,2473
6936,3861
6937,2192
6938,2573
6939,699
6940,423
6941,3139
6942,1770
6943,3746
6944,132
6945,658
6946,1477
6947,2171
6948,2666
6949,4339
6950,4442
6951,3513
6952,4040
6953,3708
6954,3418
6955,2050
6956,3761
6957,883
6958,2559
6959,389
6960,2643
6961,4027
6962,2096
6963,63
6964,4096
6965,4257
6966,2007
6967,2912
6968,711
6969,2853
6970,1291
6971,698
6972,3718
6973,3121
6974,970
6975,4316
6976,4390
6977,387
6978,1676
6979,3968
6980,4284
6981,1707
6982,1390
6983,982
6984,2191
6985,4400
6986,2288
6987,2285
6988,2229
6989,4432
6990,1379
6991,848
6992,2837
6993,4344
6994,1899
6995,394
6996,557
6997,4543
6998,3184
6999,358
7000,1434
7001,704
7002,4203
7003,3348
7004,1018
7005,887
7006,2123
7007,224
7008,1723
7009,4368
7010,1139
7011,12
7012,1577
7013,730
7014,1393
7015,4603
7016,758
7017,1216
7018,3248
7019,3888
7020,2249
7021,2655
7022,3660
7023,2998
7024,2476
7025,2472
7026,775
7027,2174
7028,2335
7029,3575
7030,1933
7031,156
7032,919
7033,3065
7034,4469
7035,3871
7036,3600
7037,334
7038,1622
7039,4506
7040,3743
7041,1239
7042,4194
7043,3479
7044,860
7045,2969
7046,2134
7047,1151
7048,1961
7049,2041
7050,2932
7051,2810
7052,2038
7053,375
7054,361
7055,3571
7056,867
7057,3404
7058,4093
7059,532
7060,2942
7061,1491
7062,3216
7063,3321
7064,3898
7065,4394
7066,712
7067,4018
7068,4311
7069,1567
7070,4146
7071,4226
7072,2548
7073,1828
7074,3042
7075,4269
7076,1702
7077,3590
7078,1439
7079,2998
7080,2618
7081,1428
7082,3940
7083,2095
7084,2952
7085,1964
7086,1752
7087,2953
7088,97
7089,824
7090,2774
7091,4365
7092,2552
7093,2482
7094,2678
7095,3275
7096,3976
7097,1540
7098,2597
7099,251
7100,1566
7101,777
7102,1924
7103,1244
7104,4121
7105,658
7106,3646
7107,3023
7108,3710
7109,576
7110,2565
7111,1929
7112,2974
7113,3273
7114,2607
7115,2525
7116,3148
7117,2228
7118,1183
7119,4320
7120,971
7121,1365
7122,842
7123,754
7124,1069
7125,1557
7126,3208
7127,4402
7128,4496
7129,3208
7130,1974
7131,1373
7132,4211
7133,1798
7134,1399
7135,1398
7136,3411
7137,838
7138,2465
7139,690
7140,1578
7141,1399
7142,1256
7143,1840
7144,3247
7145,1915
7146,3059
7147,2190
7148,3082
7149,705
7150,1502
7151,3341
7152,3196
7153,2581
7154,861
7155,1402
7156,1772
7157,1098
7158,482
7159,2724
7160,3984
7161,3206
7162,174
7163,4121
7164,684
7165,571
7166,2818
7167,950
7168,4602
7169,1229
7170,1960
7171,1935
7172,2825
7173,793
7174,887
7175,1958
7176,2844
7177,1071
7178,1405
7179,2670
7180,3406
7181,532
7182,154
7183,599
7184,1826
7185,965
7186,1001
7187,1260
7188,1377
7189,2208
7190,4270
7191,1776
7192,3660
7193,831
7194,3760
7195,2579
7196,4032
7197,2302
7198,419
7199,8
7200,2895
7201,4551
7202,2192
7203,4337
7204,2020
7205,3686
7206,1522
7207,2947
7208,3098
7209,83
7210,3162
7211,632
7212,4009
7213,1340
7214,1934
7215,4457
7216,353
7217,2286
7218,218
7219,2676
7220,3855
7221,1313
7222,325
7223,1673
7224,4574
7225,1683
7226,513
7227,4480
7228,519
7229,2659
7230,991
7231,2843
7232,2296
7233,1706
7234,1109
7235,1768
7236,4395
7237,520
7238,2616
7239,3247
7240,4026
7241,3291
7242,642
7243,442
7244,388
7245,677
7246,2321
7247,656
7248,2409
7249,1199
7250,4229
7251,2702
7252,379
7253,4056
7254,1808
7255,3308
7256,3751
7257,1118
7258,2977
7259,1471
7260,2580
7261,1840
7262,3327
7263,4264
7264,2314
7265,267
7266,4218
7267,1843
7268,3551
7269,1484
7270,2926
7271,1409
7272,49
7273,707
7274,2593
7275,3483
7276,1481
7277,3459
7278,2623
7279,335
7280,610
7281,3882
7282,1018
7283,2810
7284,2960
7285,2472
7286,1801
7287,3273
7288,2568
7289,1004
7290,3388
7291,1993
7292,2138
7293,2415
7294,4087
7295,1891
7296,2952
7297,4499
7298,286
7299,877
7300,1390
7301,2769
7302,2000
7303,931
7304,2303
7305,921
7306,1368
7307,1614
7308,2245
7309,2798
7310,4098
7311,662
7312,538
7313,2536
7314,4169
7315,3581
7316,832
7317,1646
7318,4266
7319,2360
7320,1320
7321,4022
7322,2950
7323,1421
7324,4590
7325,667
7326,1540
7327,3704
7328,847
7329,4186
7330,1704
7331,229
7332,2166
7333,591
7334,187
7335,1131
7336,3332
7337,3382
7338,252
7339,2220
7340,3500
7341,3121
7342,1262
7343,1882
7344,2082
7345,4543
7346,4128
7347,3923
7348,3578
7349,2620
7350,2908
7351,2781
7352,3160
7353,3718
7354,3728
7355,395
7356,4066
7357,3838
7358,2460
7359,2881
7360,3982
7361,1496
7362,1828
7363,3215
7364,3721
7365,2614
7366,2151
7367,3608
7368,963
7369,2602
7370,349
7371,2419
7372,4458
7373,3370
7374,4406
7375,4607
7376,1632
7377,1736
7378,3707
7379,2340
7380,3375
7381,1787
7382,3816
7383,4500
7384,1774
7385,1164
7386,452
7387,4341
7388,1942
7389,361
7390,2953
7391,3943
7392,4253
7393,1114
7394,1704
7395,229
7396,3482
7397,2691
7398,2049
7399,3452
7400,3465
7401,456
7402,3582
7403,34
7404,3177
7405,3712
7406,1754
7407,4321
7408,2679
7409,4589
7410,955
7411,2493
7412,1309
7413,3412
7414,3634
7415,2489
7416,357
7417,3778
7418,705
7419,3724
7420,857
7421,3723
7422,1153
7423,2013
7424,2282
7425,3858
7426,1724
7427,3792
7428,3891
7429,3405
7430,4113
7431,258
7432,2892
7433,3755
7434,2403
7435,3991
7436,294
7437,2457
7438,676
7439,2317
7440,2708
7441,4366
7442,2390
7443,3869
7444,3206
7445,1400
7446,1874
7447,1884
7448,2734
7449,514
7450,835
7451,2786
7452,280
7453,72
7454,3368
7455,4121
7456,741
7457,3267
7458,1325
7459,84
7460,1137
7461,1527
7462,3308
7463,4194
7464,1697
7465,702
7466,607
7467,1177
7468,3123
7469,4056
7470,4031
7471,2005
7472,716
7473,1056
7474,3481
7475,3845
7476,4074
7477,1535
7478,3997
7479,4325
7480,2971
7481,24
7482,4588
7483,2185
7484,1158
7485,2348
7486,3320
7487,315
7488,3847
7489,2517
7490,3786
7491,348
7492,4397
7493,4056
7494,190
7495,612
7496,742
7497,1111
7498,2264
7499,1081
7500,2554
7501,643
7502,2693
7503,1411
7504,2089
7505,3538
7506,1086
7507,3763
7508,2832
7509,495
7510,3160
7511,1028
7512,1922
7513,460
7514,3516
7515,2608
7516,278
7517,2416
7518,2040
7519,799
7520,1009
7521,358
7522,4273
7523,4352
7524,3735
7525,2034
7526,539
7527,1183
7528,2273
7529,2309
7530,1910
7531,736
7532,210
7533,977
7534,1876
7535,2659
7536,340
7537,1457
7538,2250
7539,239
7540,3645
7541,2316
7542,3663
7543,3883
7544,4129
7545,4220
7546,1462
7547,4374
7548,3841
7549,778
7550,188
7551,1864
7552,630
7553,2671
7554,2845
7555,3862
7556,1061
7557,602
7558,160
7559,191
7560,1675
7561,777
7562,353
7563,1264
7564,1283
7565,4588
7566,4271
7567,921
7568,3649
7569,1462
7570,4128
7571,954
7572,274
7573,4568
7574,2005
7575,2092
7576,816
7577,4199
7578,1965
7579,4148
7580,4258
7581,608
7582,1790
7583,4349
7584,3159
7585,3498
7586,4064
7587,1479
7588,3705
7589,3140
7590,2358
7591,100
7592,3482
7593,3457
7594,3785
7595,4310
7596,4544
7597,1652
7598,4364
7599,1843
7600,279
7601,4457
7602,2321
7603,2120
7604,268
7605,2087
7606,2097
7607,3338
7608,1
7609,3534
7610,2294
7611,3763
7612,400
7613,2032
7614,2813
7615,1246
7616,3886
7617,2939
7618,4603
7619,3397
7620,2745
7621,1794
7622,3967
7623,1988
7624,2171
7625,4059
7626,1017
7627,4382
7628,1704
7629,3276
7630,2773
7631,3782
7632,2308
7633,1039
7634,1527
7635,3085
7636,3502
7637,1175
7638,1924
7639,850
7640,198
7641,3883
7642,2020
7643,2060
7644,3772
7645,4058
7646,375
7647,3874
7648,2528
7649,2063
7650,1684
7651,4177
7652,1147
7653,2872
7654,4527
7655,4185
7656,3686
7657,4007
7658,3983
7659,592
7660,4361
7661,238
7662,3065
7663,1124
7664,2137
7665,2559
7666,3524
7667,1064
7668,873
7669,1041
7670,1744
7671,2043
7672,3181
7673,509
7674,3621
7675,446
7676,115
7677,3109
7678,3190
7679,2850
7680,1120
7681,4227
7682,1938
7683,3007
7684,179
7685,3549
7686,2814
7687,1010
7688,1974
7689,2805
7690,274
7691,1248
7692,2033
7693,3389
7694,1620
7695,3914
7696,2737
7697,875
7698,3822
7699,185
7700,2692
7701,253
7702,615
7703,472
7704,1133
7705,832
7706,2117
7707,833
7708,2940
7709,894
7710,2890
7711,501
7712,418
7713,2939
7714,4014
7715,239
7716,4229
7717,3216
7718,2587
7719,1076
7720,3337
7721,1650
7722,3707
7723,22
7724,4139
7725,2838
7726,4190
7727,3165
7728,2997
7729,4117
7730,460
7731,311
7732,2464
7733,2198
7734,2796
7735,1768
7736,2398
7737,3634
7738,3411
7739,4506
7740,3210
7741,3733
7742,3350
7743,963
7744,3906
7745,1190
7746,3179
7747,1102
7748,3427
7749,3127
7750,1960
7751,3777
7752,3131
7753,229
7754,97
7755,2566
7756,4072
7757,970
7758,586
7759,2017
7760,3009
7761,577
7762,3208
7763,2171
7764,2318
7765,449
7766,239
7767,3890
7768,4502
7769,3592
7770,1816
7771,4539
7772,2370
7773,2883
7774,4218
7775,2775
7776,2096
7777,2060
7778,4480
7779,1614
7780,4000
7781,1456
7782,2041
7783,3662
7784,62
7785,2340
7786,3412
7787,2113
7788,889
7789,546
7790,3115
7791,461
7792,2489
7793,2733
7794,348
7795,1764
7796,3211
7797,3723
7798,4515
7799,3130
7800,3053
7801,327
7802,1860
7803,1948
7804,339
7805,4166
7806,1623
7807,3291
7808,3586
7809,1948
7810,2280
7811,3758
7812,1109
7813,481
7814,2147
7815,3106
7816,1077
7817,3898
7818,1251
7819,890
7820,756
7821,1660
7822,22
7823,3910
7824,1745
7825,2957
7826,4257
7827,944
7828,3340
7829,2425
7830,727
7831,4187
7832,2894
7833,1018
7834,3874
7835,2962
7836,2104
7837,4085
7838,737
7839,4279
7840,715
7841,3130
7842,2927
7843,1659
7844,2035
7845,4091
7846,1025
7847,675
7848,2250
7849,3008
7850,3563
7851,1673
7852,384
7853,2228
7854,3505
7855,1343
7856,3940
7857,2124
7858,950
7859,3356
7860,4012
7861,2581
7862,3706
7863,2215
7864,2580
7865,3562
7866,4513
7867,1380
7868,4035
7869,3891
7870,3080
7871,3929
7872,914
7873,2736
7874,1785
7875,4492
7876,1155
7877,4577
7878,4575
7879,4113
7880,1988
7881,1885
7882,3695
7883,4288
7884,3193
7885,3193
7886,253
7887,3109
7888,1162
7889,4198
7890,602
7891,2362
7892,4072
7893,280
7894,4037
7895,1189
7896,3870
7897,3954
7898,3543
7899,1405
7900,3177
7901,2164
7902,1282
7903,1819
7904,44
7905,3009
7906,3547
7907,1732
7908,3160
7909,2772
7910,4071
7911,1943
7912,2103
7913,2870
7914,714
7915,1588
7916,3459
7917,3879
7918,4233
7919,1415
7920,280
7921,4207
7922,4285
7923,3493
7924,223
7925,1367
7926,191
7927,1383
7928,3490
7929,539
7930,935
7931,3330
7932,3654
7933,105
7934,3841
7935,2914
7936,2871
7937,761
7938,2331
7939,1921
7940,1284
7941,1200
7942,3768
7943,2242
7944,286
7945,832
7946,1803
7947,1893
7948,259
7949,1771
7950,4201
7951,432
7952,4149
7953,1242
7954,2119
7955,1029
7956,206
7957,1984
7958,3816
7959,2078
7960,4
7961,301
7962,1296
7963,789
7964,1017
7965,3614
7966,4339
7967,3070
7968,790
7969,1137
7970,1002
7971,2172
7972,3469
7973,3332
7974,3830
7975,1896
7976,755
7977,745
7978,796
7979,2797
7980,35
7981,967
7982,2240
7983,819
7984,2894
7985,3473
7986,1223
7987,3384
7988,3782
7989,1179
7990,3993
7991,663
7992,4163
7993,857
7994,1083
7995,968
7996,979
7997,274
7998,2233
7999,3501
8000,722
8001,54
8002,4025
8003,2960
8004,4199
8005,3825
8006,3485
8007,907
8008,2924
8009,3654
8010,1966
8011,3560
8012,1973
8013,1971
8014,1908
8015,2620
8016,3531
8017,3833
8018,2841
8019,390
8020,2385
8021,76
8022,3002
8023,2304
8024,2826
8025,3206
8026,1851
8027,4275
8028,3313
8029,2685
8030,4147
8031,4019
8032,892
8033,647
8034,4521
8035,608
8036,2102
8037,4180
8038,4254
8039,2836
8040,2627
8041,4301
8042,4069
8043,2255
8044,2424
8045,120
8046,2189
8047,4447
8048,3180
8049,3230
8050,2717
8051,2546
8052,3525
8053,845
8054,2272
8055,2218
8056,3709
8057,2234
8058,2107
8059,2523
8060,3559
8061,2048
8062,1707
8063,174
8064,1652
8065,3308
8066,1783
8067,137
8068,3189
8069,1232
8070,3130
8071,2672
8072,4012
8073,2344
8074,3659
8075,3704
8076,950
8077,4291
8078,1712
8079,4216
8080,1924
8081,4491
8082,307
8083,693
8084,1393
8085,825
8086,1333
8087,1290
8088,1899
8089,3896
8090,2760
8091,1304
8092,3267
8093,2450
8094,2244
8095,1078
8096,3900
8097,1252
8098,2428
8099,4083
8100,1130
8101,2315
8102,1142
8103,2801
8104,4194
8105,4386
8106,749
8107,1345
8108,2036
8109,1167
8110,1737
8111,2853
8112,4246
8113,4270
8114,1774
8115,4343
8116,2183
8117,1243
8118,2719
8119,2097
8120,2655
8121,1376
8122,4159
8123,2744
8124,2830
8125,4538
8126,1141
8127,4036
8128,212
8129,4527
8130,1447
8131,2052
8132,2425
8133,906
8134,551
8135,3517
8136,228
8137,3251
8138,4160
8139,921
8140,2806
8141,2594
8142,465
8143,1540
8144,2690
8145,4501
8146,662
8147,3650
8148,844
8149,295
8150,4252
8151,3309
8152,3052
8153,3040
8154,1158
8155,3719
8156,3222
8157,1877
8158,945
8159,1471
8160,3551
8161,2410
8162,4542
8163,2278
8164,1602
8165,566
8166,2604
8167,158
8168,2695
8169,3770
8170,3693
8171,58
8172,2525
8173,2789
8174,3623
8175,2118
8176,1075
8177,1700
8178,1292
8179,1675
8180,832
8181,4054
8182,1314
8183,1336
8184,1094
8185,3964
8186,3064
8187,2293
8188,4388
8189,3737
8190,3444
8191,4168
8192,3466
8193,1804
8194,2130
8195,4197
8196,1948
8197,2608
8198,2253
8199,4442
8200,3446
8201,425
8202,2808
8203,2847
8204,1234
8205,1195
8206,3045
8207,1167
8208,1220
8209,2348
8210,628
8211,3545
8212,4305
8213,2668
8214,759
8215,2813
8216,1620
8217,4209
8218,750
8219,2002
8220,3840
8221,1415
8222,218
8223,3482
8224,2757
8225,2156
8226,3011
8227,2804
8228,3440
8229,1965
8230,1201
8231,141
8232,698
8233,3015
8234,706
8235,260
8236,4500
8237,2792
8238,4553
8239,1125
8240,1901
8241,3013
8242,3362
8243,4137
8244,2745
8245,1433
8246,2736
8247,3207
8248,2519
8249,2980
8250,2522
8251,2911
8252,2742
8253,2428
8254,3100
8255,2929
8256,3699
8257,1815
8258,2973
8259,1279
8260,289
8261,2826
8262,88
8263,2305
8264,531
8265,4154
8266,1171
8267,124
8268,2617
8269,3146
8270,2627
8271,82
8272,1001
8273,3527
8274,850
8275,3182
8276,2826
8277,4571
8278,2004
8279,1299
8280,20
8281,773
8282,1014
8283,33
8284,636
8285,1053
8286,3535
8287,60
8288,4089
8289,1531
8290,1882
8291,3585
8292,4466
8293,636
8294,2856
8295,3777
8296,4033
8297,2993
8298,3392
8299,1083
8300,1674
8301,508
8302,4145
8303,4576
8304,2266
8305,1494
8306,3231
8307,1965
8308,3498
8309,4473
8310,2845
8311,3791
8312,668
8313,2789
8314,625
8315,1748
8316,1294
8317,3059
8318,3538
8319,4295
8320,1074
8321,664
8322,2716
8323,742
8324,2805
8325,318
8326,4523
8327,996
8328,3457
8329,2914
8330,139
8331,4367
8332,1063
8333,319
8334,664
8335,3916
8336,4094
8337,1068
8338,2753
8339,2532
8340,1558
8341,1089
8342,4
8343,2552
8344,1015
8345,755
8346,2719
8347,984
8348,3437
8349,2412
8350,1923
8351,3626
8352,4201
8353,3359
8354,2895
8355,2687
8356,3291
8357,1122
8358,2632
8359,2568
8360,1212
8361,248
8362,2353
8363,403
8364,2290
8365,2685
8366,4581
8367,2986
8368,863
8369,4546
8370,169
8371,2993
8372,523
8373,1118
8374,1553
8375,2900
8376,438
8377,3430
8378,2853
8379,821
8380,3153
8381,3622
8382,3367
8383,4186
8384,1051
8385,4093
8386,3577
8387,124
8388,4063
8389,2681
8390,800
8391,1062
8392,4079
8393,4107
8394,3432
8395,3151
8396,1576
8397,1811
8398,2604
8399,151
8400,3715
8401,284
8402,99
8403,4263
8404,2599
8405,2327
8406,1192
8407,3354
8408,2217
8409,2225
8410,1009
8411,1597
8412,1947
8413,3379
8414,2030
8415,4341
8416,1175
8417,4468
8418,1755
8419,1125
8420,898
8421,3000
8422,3057
8423,2658
8424,825
8425,4
8426,4571
8427,2016
8428,3098
8429,373
8430,3147
8431,889
8432,3052
8433,1734
8434,2229
8435,336
8436,743
8437,2985
8438,2475
8439,3926
8440,3356
8441,1611
8442,3988
8443,4184
8444,1342
8445,3875
8446,1299
8447,1756
8448,89
8449,3823
8450,1193
8451,1420
8452,3513
8453,3719
8454,545
8455,3096
8456,3449
8457,1726
8458,2275
8459,3282
8460,540
8461,4231
8462,305
8463,1217
8464,1896
8465,2560
8466,3173
8467,3720
8468,2697
8469,3528
8470,57
8471,1228
8472,380
8473,2389
8474,1890
8475,2158
8476,734
8477,2669
8478,1886
8479,311
8480,955
8481,681
8482,2103
8483,1457
8484,1724
8485,124
8486,3796
8487,3630
8488,1514
8489,100
8490,2515
8491,2494
8492,3066
8493,662
8494,717
8495,2913
8496,3784
8497,3463
8498,3453
8499,4376
8500,1833
8501,526
8502,3180
8503,3701
8504,3010
8505,2563
8506,1579
8507,2323
8508,3590
8509,4128
8510,1603
8511,1696
8512,3636
8513,3106
8514,4413
8515,2658
8516,4524
8517,2982
8518,3636
8519,3006
8520,1138
8521,3885
8522,1969
8523,76
8524,3849
8525,4565
8526,1190
8527,518
8528,1292
8529,3583
8530,2490
8531,2995
8532,185
8533,1697
8534,2239
8535,4518
8536,1136
8537,809
8538,998
8539,2995
8540,3036
8541,4565
8542,1854
8543,4120
8544,2160
8545,1189
8546,400
8547,244
8548,1763
8549,3514
8550,266
8551,2021
8552,2461
8553,1490
8554,361
8555,1083
8556,1809
8557,1853
8558,2730
8559,3438
8560,4447
8561,4450
8562,2541
8563,2977
8564,3957
8565,1961
8566,2037
8567,692
8568,2120
8569,2891
8570,1880
8571,3911
8572,4189
8573,549
8574,933
8575,3818
8576,2205
8577,3678
8578,3449
8579,1557
8580,797
8581,1532
8582,2856
8583,2462
8584,1121
8585,3939
8586,1946
8587,303
8588,2662
8589,3696
8590,3076
8591,465
8592,3706
8593,3492
8594,359
8595,1051
8596,4395
8597,3983
8598,823
8599,3102
8600,2
8601,2926
8602,875
8603,2142
8604,1227
8605,885
8606,1842
8607,1242
8608,2838
8609,759
8610,3472
8611,473
8612,3549
8613,1238
8614,4454
8615,990
8616,2785
8617,4280
8618,4488
8619,68
8620,2586
8621,3945
8622,1856
8623,83
8624,308
8625,3891
8626,294
8627,3803
8628,4586
8629,2504
8630,1422
8631,3055
8632,2672
8633,3620
8634,2066
8635,2850
8636,4092
8637,1865
8638,1840
8639,400
8640,146
8641,1444
8642,2758
8643,676
8644,580
8645,2972
8646,2992
8647,2855
8648,703
8649,1864
8650,2397
8651,3937
8652,1547
8653,2629
8654,3132
8655,4197
8656,3488
8657,1623
8658,871
8659,1947
8660,1048
8661,2688
8662,989
8663,1097
8664,3507
8665,328
8666,1081
8667,2174
8668,3649
8669,3467
8670,1120
8671,3838
8672,3959
8673,61
8674,1963
8675,3896
8676,1434
8677,591
8678,3348
8679,133
8680,3383
8681,2473
8682,3610
8683,4161
8684,2032
8685,547
8686,1498
8687,4380
8688,1078
8689,2583
8690,3473
8691,3087
8692,2558
8693,765
8694,2604
8695,4284
8696,3915
8697,3844
8698,429
8699,3910
8700,986
8701,3349
8702,4015
8703,2314
8704,3430
8705,3402
8706,876
8707,1216
8708,3818
8709,894
8710,305
8711,176
8712,203
8713,3612
8714,3193
8715,2625
8716,4009
8717,4243
8718,4477
8719,3451
8720,2952
8721,4580
8722,1990
8723,1229
8724,1681
8725,3780
8726,2293
8727,3193
8728,96
8729,4392
8730,2811
8731,4297
8732,3564
8733,344
8734,1707
8735,1054
8736,2326
8737,4366
8738,2019
8739,3451
8740,36
8741,2942
8742,3082
8743,1981
8744,4027
8745,2957
8746,1331
8747,2605
8748,290
8749,4025
8750,4138
8751,4573
8752,3580
8753,1918
8754,853
8755,4013
8756,92
8757,2261
8758,3171
8759,657
8760,2336
8761,3465
8762,2571
8763,1566
8764,4161
8765,2366
8766,1303
8767,2609
8768,567
8769,4012
8770,4013
8771,4372
8772,3319
8773,4123
8774,4569
8775,2764
8776,641
8777,3051
8778,1046
8779,1885
8780,2594
8781,2039
8782,1319
8783,4481
8784,991
8785,1442
8786,1409
8787,807
8788,44
8789,2226
8790,1824
8791,1968
8792,862
8793,4263
8794,2698
8795,2541
8796,4544
8797,1867
8798,4588
8799,2609
8800,2055
8801,3886
8802,527
8803,2045
8804,2290
8805,2977
8806,2193
8807,2640
8808,1880
8809,1717
8810,867
8811,124
8812,4023
8813,2136
8814,3166
8815,3000
8816,2520
8817,4373
8818,3106
8819,4021
8820,772
8821,3271
8822,3371
8823,86
8824,210
8825,1033
8826,3145
8827,2444
8828,3434
8829,1362
8830,3173
8831,2850
8832,1185
8833,1815
8834,269
8835,2975
8836,1292
8837,4118
8838,4258
8839,2268
8840,1261
8841,216
8842,2185
8843,1116
8844,3562
8845,2210
8846,4369
8847,1836
8848,710
8849,2099
8850,2316
8851,1211
8852,96
8853,2298
8854,2194
8855,56
8856,1523
8857,767
8858,320
8859,670
8860,2231
8861,4034
8862,1477
8863,84
8864,1318
8865,1864
8866,4204
8867,1776
8868,4401
8869,3933
8870,3596
8871,1612
8872,1377
8873,2944
8874,3265
8875,2054
8876,262
8877,2725
8878,2043
8879,2737
8880,1073
8881,2639
8882,4327
8883,3596
8884,2021
8885,3780
8886,2748
8887,2100
8888,465
8889,4229
8890,2020
8891,2327
8892,785
8893,2124
8894,4436
8895,3739
8896,1078
8897,3483
8898,571
8899,3083
8900,65
8901,3464
8902,1518
8903,2031
8904,2353
8905,1894
8906,4217
8907,3549
8908,2425
8909,1415
8910,274
8911,4308
8912,2021
8913,3490
8914,3997
8915,4511
8916,2914
8917,4475
8918,1680
8919,3803
8920,3845
8921,3253
8922,2825
8923,4237
8924,4472
8925,831
8926,1770
8927,2953
8928,4601
8929,1776
8930,1844
8931,3747
8932,658
8933,229
8934,223
8935,3078
8936,3281
8937,2206
8938,1825
8939,2416
8940,3298
8941,2437
8942,3747
8943,2579
8944,2817
8945,4481
8946,1631
8947,18
8948,2674
8949,2162
8950,2926
8951,4294
8952,1783
8953,2222
8954,2622
8955,3365
8956,1228
8957,2803
8958,3104
8959,1715
8960,1576
8961,2606
8962,3749
8963,645
8964,1457
8965,3186
8966,1616
8967,988
8968,3020
8969,3064
8970,788
8971,1589
8972,3981
8973,1771
8974,394
8975,1740
8976,2875
8977,804
8978,2444
8979,690
8980,760
8981,791
8982,688
8983,2752
8984,521
8985,4378
8986,2845
8987,315
8988,2006
8989,3017
8990,3614
8991,2878
8992,1721
8993,1019
8994,1421
8995,934
8996,2591
8997,1923
8998,3091
8999,553
9000,2757
9001,2271
9002,2792
9003,981
9004,1035
9005,2195
9006,1726
9007,2218
9008,2341
9009,92
9010,1682
9011,3436
9012,1107
9013,2258
9014,1384
9015,663
9016,1811
9017,3351
9018,3866
9019,4117
9020,3194
9021,290
9022,3784
9023,102
9024,2836
9025,4604
9026,1262
9027,4526
9028,2324
9029,2107
9030,3141
9031,713
9032,1642
9033,2075
9034,3448
9035,4054
9036,3034
9037,691
9038,2504
9039,1442
9040,683
9041,1612
9042,816
9043,4051
9044,2975
9045,4039
9046,2207
9047,1724
9048,3076
9049,3530
9050,301
9051,681
9052,2724
9053,4159
9054,1038
9055,2117
9056,4022
9057,4282
9058,2722
9059,1331
9060,2991
9061,1333
9062,1943
9063,1741
9064,3595
9065,1932
9066,735
9067,1127
9068,4092
9069,1072
9070,538
9071,2089
9072,1792
9073,3557
9074,4450
9075,1526
9076,251
9077,3931
9078,1054
9079,2549
9080,3630
9081,2478
9082,87
9083,2267
9084,3293
9085,4108
9086,2901
9087,2147
9088,672
9089,4483
9090,3068
9091,3901
9092,2467
9093,2378
9094,4172
9095,1931
9096,4517
9097,117
9098,1332
9099,2658
9100,4577
9101,1012
9102,2086
9103,2751
9104,2868
9105,3795
9106,3564
9107,1578
9108,3500
9109,804
9110,2162
9111,4164
9112,4542
9113,3191
9114,2798
9115,3332
9116,1019
9117,3095
9118,2873
9119,3509
9120,1311
9121,3568
9122,2242
9123,4510
9124,4250
9125,2835
9126,4391
9127,1174
9128,2324
9129,1987
9130,819
9131,2176
9132,3836
9133,2975
9134,4218
9135,193
9136,3337
9137,2409
9138,3825
9139,2640
9140,2367
9141,2847
9142,3032
9143,4587
9144,1547
9145,887
9146,1885
9147,1489
9148,1106
9149,3068
9150,3314
9151,301
9152,2922
9153,2238
9154,2762
9155,1475
9156,946
9157,687
9158,2797
9159,3191
9160,3957
9161,1289
9162,1545
9163,485
9164,70
9165,4317
9166,2041
9167,2809
9168,1418
9169,225
9170,1410
9171,1334
9172,1710
9173,1252
9174,2398
9175,3487
9176,2464
9177,2286
9178,3335
9179,549
9180,4514
9181,1856
9182,4532
9183,4605
9184,1499
9185,975
9186,1067
9187,2591
9188,2371
9189,195
9190,2552
9191,2221
9192,2126
9193,3193
9194,3504
9195,4019
9196,2357
9197,4154
9198,3189
9199,416
9200,4426
9201,195
9202,1732
9203,627
9204,930
9205,2584
9206,3277
9207,1403
9208,1488
9209,3077
9210,701
9211,310
9212,2185
9213,176
9214,2159
9215,485
9216,3451
9217,1939
9218,2315
9219,1319
9220,2946
9221,3438
9222,3024
9223,3488
9224,3834
9225,2567
9226,3781
9227,2678
9228,3573
9229,4091
9230,3985
9231,4264
9232,1452
9233,2562
9234,1936
9235,2940
9236,1358
9237,2245
9238,75
9239,299
9240,1413
9241,3067
9242,1732
9243,2392
9244,797
9245,203
9246,1967
9247,637
9248,4409
9249,1966
9250,4248
9251,2799
9252,3638
9253,4438
9254,2074
9255,975
9256,1850
9257,4458
9258,1594
9259,3659
9260,4430
9261,1560
9262,4089
9263,4280
9264,1903
9265,1319
9266,244
9267,826
9268,4083
9269,1346
9270,369
9271,3614
9272,2066
9273,974
9274,2420
9275,479
9276,1698
9277,3410
9278,498
9279,4586
9280,529
9281,2071
9282,3747
9283,1166
9284,4541
9285,1494
9286,539
9287,3017
9288,2286
9289,1101
9290,251
9291,3317
9292,264
9293,1296
9294,86
9295,3967
9296,3919
9297,498
9298,2039
9299,2035
9300,3655
9301,557
9302,4209
9303,3563
9304,876
9305,4487
9306,666
9307,1635
9308,421
9309,4178
9310,2289
9311,2416
9312,3998
9313,249
9314,4089
9315,3152
9316,1853
9317,0
9318,1677
9319,26
9320,3724
9321,979
9322,4269
9323,315
9324,949
9325,887
9326,2832
9327,926
9328,1436
9329,1839
9330,364
9331,907
9332,2967
9333,1764
9334,3215
9335,2966
9336,4269
9337,2744
9338,1675
9339,3038
9340,2036
9341,2050
9342,2922
9343,1360
9344,4381
9345,3821
9346,69
9347,3943
9348,1627
9349,497
9350,1825
9351,2690
9352,1556
9353,1390
9354,436
9355,1767
9356,132
9357,248
9358,3634
9359,2784
9360,3777
9361,1172
9362,2081
9363,1606
9364,3085
9365,3463
9366,4167
9367,3657
9368,3124
9369,1468
9370,1480
9371,28
9372,3716
9373,4591
9374,3096
9375,1640
9376,3016
9377,802
9378,3438
9379,3554
9380,4466
9381,261
9382,1474
9383,1503
9384,4114
9385,4099
9386,2595
9387,4011
9388,2973
9389,1136
9390,2524
9391,2957
9392,2759
9393,1842
9394,3349
9395,2848
9396,1769
9397,2712
9398,2579
9399,1449
9400,218
9401,1325
9402,275
9403,2975
9404,2656
9405,586
9406,3520
9407,1231
9408,924
9409,4522
9410,2241
9411,1881
9412,4424
9413,3114
9414,2715
9415,3724
9416,2821
9417,55
9418,3483
9419,2331
9420,3721
9421,1681
9422,1678
9423,3242
9424,646
9425,4112
9426,2388
9427,2396
9428,2925
9429,2614
9430,3222
9431,780
9432,672
9433,702
9434,3238
9435,959
9436,4375
9437,3447
9438,3119
9439,3786
9440,2425
9441,4546
9442,3940
9443,2373
9444,3187
9445,2350
9446,1566
9447,265
9448,2552
9449,959
9450,2497
9451,2489
9452,3345
9453,3686
9454,13
9455,1432
9456,4351
9457,2229
9458,1816
9459,403
9460,154
9461,1576
9462,4577
9463,3874
9464,1674
9465,1937
9466,3512
9467,2387
9468,2180
9469,487
9470,4386
9471,1275
9472,1403
9473,1053
9474,2506
9475,494
9476,4066
9477,4274
9478,3354
9479,87
9480,2247
9481,1070
9482,2365
9483,3031
9484,3846
9485,2520
9486,1915
9487,3929
9488,1650
9489,2190
9490,4038
9491,3511
9492,3184
9493,1274
9494,1688
9495,4296
9496,3509
9497,3381
9498,3694
9499,4267
9500,1323
9501,2996
9502,1262
9503,499
9504,1562
9505,1569
9506,4250
9507,741
9508,2704
9509,2284
9510,3946
9511,3726
9512,3267
9513,3255
9514,1624
9515,3321
9516,1327
9517,3674
9518,3387
9519,3185
9520,2507
9521,4226
9522,3564
9523,2063
9524,3898
9525,1305
9526,4421
9527,538
9528,2508
9529,1302
9530,1208
9531,3359
9532,271
9533,3935
9534,2165
9535,3995
9536,3284
9537,4410
9538,214
9539,2894
9540,1862
9541,2079
9542,4444
9543,1694
9544,3687
9545,786
9546,3565
9547,2084
9548,894
9549,3635
9550,4246
9551,4503
9552,1817
9553,2074
9554,2686
9555,3114
9556,3052
9557,2765
9558,2264
9559,3132
9560,1755
9561,2585
9562,3215
9563,3090
9564,2695
9565,1619
9566,566
9567,3449
9568,948
9569,1495
9570,3416
9571,3440
9572,579
9573,3592
9574,550
9575,274
9576,3590
9577,3180
9578,2643
9579,133
9580,2834
9581,1987
9582,2490
9583,2877
9584,4588
9585,2573
9586,1339
9587,3498
9588,2705
9589,3561
9590,689
9591,1877
9592,4231
9593,4453
9594,804
9595,1242
9596,811
9597,27
9598,2366
9599,3829
9600,2441
9601,686
9602,4401
9603,3012
9604,4090
9605,4341
9606,1961
9607,4444
9608,2027
9609,2176
9610,1873
9611,3254
9612,3921
9613,4277
9614,349
9615,2262
9616,1135
9617,1155
9618,3574
9619,4544
9620,924
9621,3358
9622,4526
9623,2563
9624,3563
9625,1940
9626,4093
9627,2640
9628,3580
9629,3103
9630,1480
9631,2271
9632,1123
9633,686
9634,2826
9635,3528
9636,3540
9637,257
9638,1981
9639,3018
9640,1509
9641,3020
9642,2478
9643,4212
9644,2930
9645,1772
9646,1540
9647,3015
9648,1417
9649,2278
9650,2848
9651,3781
9652,1147
9653,2872
9654,1166
9655,2071
9656,884
9657,2993
9658,824
9659,3970
9660,3935
9661,2573
9662,3933
9663,1917
9664,931
9665,4055
9666,1324
9667,3941
9668,2493
9669,723
9670,255
9671,1960
9672,3159
9673,4606
9674,1691
9675,52
9676,2747
9677,1164
9678,166
9679,4347
9680,1078
9681,1274
9682,3905
9683,3288
9684,3685
9685,4436
9686,3086
9687,934
9688,603
9689,4268
9690,375
9691,2536
9692,3308
9693,4211
9694,4486
9695,2236
9696,3480
9697,1054
9698,3153
9699,399
9700,4191
9701,1039
9702,4251
9703,1463
9704,4188
9705,2573
9706,626
9707,4422
9708,385
9709,3971
9710,1128
9711,3980
9712,898
9713,1677
9714,1104
9715,1903
9716,988
9717,1887
9718,1129
9719,4276
9720,1745
9721,1015
9722,2367
9723,1717
9724,2005
9725,2418
9726,135
9727,642
9728,2909
9729,1762
9730,3782
9731,3865
9732,488
9733,2506
9734,2494
9735,2772
9736,4368
9737,4206
9738,3194
9739,3147
9740,1331
9741,414
9742,2101
9743,2329
9744,960
9745,1784
9746,3727
9747,4001
9748,4232
9749,3021
9750,536
9751,2866
9752,3449
9753,2368
9754,4445
9755,2867
9756,1805
9757,1338
9758,2765
9759,2731
9760,2957
9761,2203
9762,274
9763,2808
9764,3151
9765,713
9766,380
9767,2429
9768,3235
9769,4192
9770,3959
9771,4339
9772,3690
9773,2745
9774,1513
9775,905
9776,3757
9777,781
9778,1638
9779,3685
9780,4547
9781,1193
9782,1966
9783,2778
9784,1354
9785,790
9786,626
9787,577
9788,2154
9789,2405
9790,1576
9791,1659
9792,2795
9793,251
9794,1691
9795,1568
9796,2436
9797,2947
9798,3039
9799,1786
9800,4438
9801,3170
9802,125
9803,196
9804,1164
9805,3850
9806,327
9807,3558
9808,3159
9809,4294
9810,781
9811,3206
9812,978
9813,10
9814,2250
9815,4524
9816,2633
9817,845
9818,1549
9819,739
9820,602
9821,428
9822,2570
9823,348
9824,3015
9825,2279
9826,4250
9827,2675
9828,2952
9829,4179
9830,2570
9831,4416
9832,193
9833,1671
9834,2487
9835,1997
9836,681
9837,4515
9838,1660
9839,12
9840,4434
9841,3981
9842,4467
9843,4389
9844,1914
9845,2343
9846,851
9847,4258
9848,960
9849,1461
9850,1156
9851,3934
9852,962
9853,3868
9854,2830
9855,3570
9856,2090
9857,945
9858,1866
9859,656
9860,2786
9861,2648
9862,3304
9863,2856
9864,953
9865,3162
9866,1918
9867,2180
9868,2280
9869,771
9870,1821
9871,2084
9872,600
9873,863
9874,1620
9875,1227
9876,245
9877,1815
9878,3972
9879,4277
9880,3265
9881,1173
9882,2629
9883,286
9884,1190
9885,1458
9886,1697
9887,8
9888,2140
9889,510
9890,418
9891,3158
9892,1492
9893,3254
9894,3133
9895,3045
9896,295
9897,409
9898,1520
9899,743
9900,457
9901,4489
9902,3516
9903,3849
9904,989
9905,99
9906,1593
9907,3731
9908,1195
9909,1182
9910,937
9911,2081
9912,1573
9913,2393
9914,4373
9915,3204
9916,2095
9917,915
9918,1124
9919,2742
9920,1773
9921,3376
9922,4476
9923,293
9924,1628
9925,702
9926,4113
9927,1818
9928,3936
9929,4072
9930,2417
9931,3584
9932,4183
9933,3511
9934,1503
9935,2022
9936,3984
9937,3
9938,3186
9939,2808
9940,322
9941,2327
9942,3183
9943,2979
9944,2293
9945,1944
9946,4529
9947,4083
9948,898
9949,1622
9950,2006
9951,2262
9952,4385
9953,4602
9954,2798
9955,516
9956,1448
9957,1339
9958,3428
9959,1117
9960,664
9961,4579
9962,2951
9963,1907
9964,3072
9965,4439
9966,2975
9967,2673
9968,1845
9969,1519
9970,1298
9971,1470
9972,0
9973,570
9974,364
9975,847
9976,4121
9977,1477
9978,2007
9979,3231
9980,1621
9981,3666
9982,23
9983,527
9984,2651
9985,894
9986,3803
9987,4285
9988,1688
9989,3650
9990,4077
9991,76
9992,2650
9993,1782
9994,3377
9995,3430
9996,1841
9997,1522
9998,1724
9999,3207
